FID,ABSCHNITT_ZUGANG_STR,ACD,AP_TIMESTAMP_MODIFY,BST_BEZEICHNUNG,BST_NUMMER,BST_NUMMER_ALPHA,BST_NUMMER_NUM,BST_TRENNZEICHEN,BST_TRENNZ_KURZTEXT,EDGEOBJECTID_ZUGANG_STR,EXTERNALORGCODE,GEBADR_ANZEIGEN_J_N,GEBADR_REGIONALCODE,GEB_BAUBLOCK,GEB_BAUBLOCK_ID,GEB_BEZEICHNUNG,GEB_BEZIRK,GEB_NAMECAT,GEB_NUMMER,GEB_NUMMER_ALPHA,GEB_NUMMER_NUM,GEB_OBJEKTID,GEB_STATUS,GEB_STATUS_KURZTEXT,GEB_TIMESTAMP_MODIFY,GEB_TRENNZEICHEN,GEB_TRENNZ_KURZTEXT,GEB_WINKEL,GEB_X,GEB_Y,HAUPT_IDENT_PSEUDO,LAGE_ZU_ADR,LAGE_ZU_ADR_TXT,NAME,NAME_BST,NAME_BST_GEB,NAME_GEB,NAME_ONR,NAME_ONR_BST_GEB,NAME_STR,OBJECTID,OBJEKT_ID,OBJEKTID_NAME_STR,ON_BIS_ALPHA,ON_BIS_NUM,ONR_BIS,ONR_VON,ON_VON_ALPHA,ON_VON_NUM,PLATZKENNZEICHEN,PLZ,SCD_NAME_STR,SCD_ZUGANG_STR,SE_ANNO_CAD_DATA,geometry,STRABS_ZUGANG_STR,STRASSENSEITE,TOPOGR_NAME_STR,UEBERACD,ZUGADR_ONR_KGNUM,ZUGADR_ONR_STAMMNR,ZUGADR_ONR_TEILNR,ZUGADR_REGIONALCODE,ZUGADR_TYP,ZUGANG_MOEGLICH_J_N,ZUG_BEZIRK,ZUG_OBJEKTID,ZUG_TIMESTAMP_MODIFY,ZUG_TRENNZEICHEN,ZUG_TRENNZ_KURZTEXT,ZUG_WINKEL,ZUG_X,ZUG_Y,ABLAUFDATUM
ADRESSENOGD.fid-705841fe_17da459ca88_c93,1009,215190,2007-07-24,,,,,,,10024221,90001,1,AT90101,1015002,10011041,,1,8012,3,,3.0,25652139,d,definitiv,2008-12-10,2,/,67.63999939,3005.45,340661.37,H, ,Normal,Annagasse 5/3,,/3,/3,5,5/3,Annagasse,236378767,10377734,10000194,,,,5,,5.0,2.0,1010,205,205,,POINT (48.20435126565523 16.37256826976544),205001009,1.0,G  ,215714.0,,,,AT90101,0,1,1,25106747,2008-12-10,0, ,335.0,2990.39,340650.33,
ADRESSENOGD.fid-705841fe_17da459ca88_c61,1009,541,2007-07-24,,,,,,,10045149,90001,1,AT90101,1065005,10011307,,1,8012,,,,25572789,d,definitiv,2008-12-10,0, ,-15.59000015,3047.87,341592.84,I, ,Normal,Vorlaufstraße 4,, ,,4,4,Vorlaufstraße,236375025,10052971,10005012,,,,4,,4.0,2.0,1010,5117,5117,,POINT (48.21272799561594 16.37314499980202),5117001009,2.0,G  ,,,,,AT90101,0,1,1,25080805,2008-12-10,0, ,274.03,3027.54,341584.99,
ADRESSENOGD.fid-705841fe_17da459ca88_c20,1009,972,2007-07-24,,,,,,,10031570,90001,1,AT90101,1054003,10011258,,1,8012,,,,25533315,d,definitiv,2008-12-10,0, ,304.79998779,2334.58,341645.29,I, ,Normal,Helferstorferstraße 1,, ,,1,1,Helferstorferstraße,236368008,10053809,10001846,,,,1,,1.0,2.0,1010,1899,1899,,POINT (48.21320237883889 16.36354749293348),1899001009,1.0,G  ,,,,,AT90101,0,1,1,25069791,2008-12-10,0, ,37.44,2351.45,341640.37,
ADRESSENOGD.fid-705841fe_17da459ca88_c28,6009,1067,2007-07-24,,,,,,,10027757,90001,1,AT90101,1035001,10011141,,1,8012,,,,25549838,d,definitiv,2008-12-10,0, ,322.57998657,2317.16,340503.18,H, ,Normal,Elisabethstraße 15,, ,,15,15,Elisabethstraße,236368210,10053988,10001001,,,,15,,15.0,2.0,1010,1038,1038,,POINT (48.20293118904866 16.36330765921923),1038006009,1.0,G  ,,,,,AT90101,0,1,1,25117590,2008-12-10,0, ,322.3,2322.39,340504.26,
ADRESSENOGD.fid-705841fe_17da459ca88_c92,1009,754,2007-07-24,,,,,,,10024221,90001,1,AT90101,1015003,10011042,,1,8012,,,,25567881,d,definitiv,2008-12-10,0, ,346.07000732,3019.54,340626.25,H, ,Normal,Annagasse 18,, ,,18,18,Annagasse,236378766,10053426,10000194,,,,18,,18.0,2.0,1010,205,205,,POINT (48.20403536338441 16.37275760333723),205001009,2.0,G  ,,,,,AT90101,0,1,1,25046807,2008-12-10,0, ,344.48,3021.83,340630.19,
ADRESSENOGD.fid-705841fe_17da459ca88_cb6,2009,215667,2007-07-24,,,,,,,10026539,90001,1,AT90101,1021002,10011075,,1,8012,1,,1.0,25627739,d,definitiv,2008-12-10,2,/,55.54999924,3291.49,340757.04,H, ,Normal,Coburgbastei 9/1,,/1,/1,9,9/1,Coburgbastei,236383656,10380237,10000696,,,,9,,9.0,2.0,1010,721,721,,POINT (48.20521036327658 16.37641716176016),721002009,1.0,G  ,219250.0,,,,AT90101,0,1,1,25113862,2008-12-10,0, ,35.34,3292.25,340763.25,
ADRESSENOGD.fid-705841fe_17da459ca88_c85,2009,762,2007-07-24,,,,,,,10033408,90001,1,AT90101,1037002,10011157,,1,8012,,,,25580287,d,definitiv,2008-12-10,0, ,341.48001099,2964.86,340343.05,H, ,Normal,Kärntner Ring 12,, ,,12,12,Kärntner Ring,236380013,10053440,10002243,,,,12,,12.0,2.0,1010,2302,2302,,POINT (48.20148871360425 16.372020195483),2302002009,2.0,G  ,,,,,AT90101,0,1,1,25056446,2008-12-10,0, ,341.55,2967.07,340346.2,
ADRESSENOGD.fid-705841fe_17da459ca88_c54,2009,308,2007-07-24,,,,,,,10032021,90001,1,AT90101,1015001,10011040,,1,8012,,,,25586467,d,definitiv,2008-12-10,0, ,333.45001221,3109.22,340762.16,H, ,Normal,Himmelpfortgasse 14,, ,,14,14,Himmelpfortgasse,236372710,10052559,10001922,,,,14,,14.0,2.0,1010,1976,1976,,POINT (48.20525724169269 16.37396499910214),1976002009,2.0,G  ,,,,,AT90101,0,1,1,25004372,2008-12-10,0, ,332.54,3112.25,340765.36,
ADRESSENOGD.fid-705841fe_17da459ca88_ca8,1009,1102,2007-07-24,,,,,,,10024989,90001,1,AT90101,1042005,10011199,,1,8012,,,,25534260,d,definitiv,2008-12-10,0, ,349.51000977,1843.51,341084.21,I, ,Normal,Bartensteingasse 6,, ,,6,6,Bartensteingasse,236385190,10054050,10000352,,,,6,,6.0,2.0,1010,363,363,,POINT (48.20815785133416 16.35693773638865),363001009,2.0,G  ,,,,,AT90101,0,1,1,25130284,2008-12-10,0, ,78.91,1822.68,341078.27,
ADRESSENOGD.fid-705841fe_17da459ca88_c8c,1009,158,2007-07-24,,,,,,,10034651,90001,1,AT90101,1078003,10011372,,1,8012,,,,25617496,d,definitiv,2008-12-10,0, ,50.99000168,3047.4,341231.83,I, ,Normal,Kramergasse 4-8,, ,,4-8,4-8,Kramergasse,236378891,10052310,10002557,,8.0,8,4,,4.0,2.0,1010,2623,2623,,POINT (48.2094813576786 16.37313633643512),2623001009,2.0,G  ,,,,,AT90101,0,1,1,25056804,2008-12-10,1,-,45.83,3026.81,341240.5,
ADRESSENOGD.fid-705841fe_17da459ca88_c79,2009,1090,2007-07-24,,,,,,,10024716,90001,1,AT90101,1042004,10011198,,1,8012,,,,25553016,d,definitiv,2008-12-10,0, ,284.19000244,1732.35,341059.85,H, ,Normal,Auerspergstraße 2,, ,,2,2,Auerspergstraße,236377246,10054030,10000279,,,,2,,2.0,2.0,1010,290,290,,POINT (48.20793903743719 16.35544206035721),290002009,2.0,G  ,,,,,AT90101,0,1,1,25056354,2008-12-10,0, ,286.33,1730.5,341062.53,
ADRESSENOGD.fid-705841fe_17da459ca88_c8a,1009,777,2007-07-24,,,,,,,10024221,90001,1,AT90101,1015003,10011042,,1,8012,,,,25594212,d,definitiv,2008-12-10,0, ,50.99000168,3049.36,340597.66,I, ,Normal,Annagasse 20,, ,,20,20,Annagasse,236379905,10053469,10000194,,,,20,,20.0,2.0,1010,205,205,,POINT (48.2037781185834 16.37315859666446),205001009,2.0,G  ,,,,,AT90101,0,1,1,25034802,2008-12-10,0, ,344.48,3043.45,340624.56,
ADRESSENOGD.fid-705841fe_17da459ca88_c3f,1009,138,2007-07-24,,,,,,,10046082,90001,1,AT90101,1072002,10011338,,1,8012,1,,1.0,25610594,d,definitiv,2008-12-10,2,/,56.72000122,2933.94,341298.85,H, ,Normal,Wildpretmarkt 6/1,,/1,/1,6,6/1,Wildpretmarkt,236369955,10052266,10005210,,,,6,,6.0,2.0,1010,5318,5318,,POINT (48.21008456421094 16.37161017479506),5318001009,2.0,G  ,213473.0,,,,AT90101,0,1,1,25071091,2008-12-10,0, ,60.56,2933.05,341303.06,
ADRESSENOGD.fid-705841fe_17da459ca88_c78,2009,1091,2007-07-24,,,,,,,10024716,90001,1,AT90101,1042004,10011198,,1,8012,,,,25603604,d,definitiv,2008-12-10,0, ,283.26000977,1727.3,341080.37,H, ,Normal,Auerspergstraße 4,, ,,4,4,Auerspergstraße,236377244,10054032,10000279,,,,4,,4.0,2.0,1010,290,290,,POINT (48.20812358969695 16.35537418494093),290002009,2.0,G  ,,,,,AT90101,0,1,1,25036155,2008-12-10,0, ,286.33,1726.48,341078.94,
ADRESSENOGD.fid-705841fe_17da459ca88_cba,2009,405,2013-07-02,,,,,,,10025746,90001,1,AT90101,1074003,10011350,,1,8012,,,,25684614,d,definitiv,2013-07-02,0, ,292.20001221,2633.92,340953.13,I, ,Normal,Bräunerstraße 14,, ,,14,14,Bräunerstraße,236383194,10052712,10000535,,,,14,,14.0,2.0,1010,551,551,,POINT (48.20697660911325 16.36757155428879),551002009,2.0,G  ,,,,,AT90101,0,1,1,25057173,2008-12-10,0, ,22.37,2647.88,340951.44,
ADRESSENOGD.fid-705841fe_17da459ca88_c52,3009,96776,2007-07-24,,,,,,,10032022,90001,1,AT90101,1020002,10011068,,1,8012,,,,25576657,d,definitiv,2008-12-10,0, ,38.38000107,3185.95,340757.19,I, ,Normal,Himmelpfortgasse 25,, ,,25,25,Himmelpfortgasse,236372708,10194481,10001922,,,,25,,25.0,2.0,1010,1976,1976,,POINT (48.20521220103509 16.37499726469923),1976003009,1.0,G  ,,,,,AT90101,0,1,1,25007182,2008-12-10,0, ,322.32,3195.32,340725.55,
ADRESSENOGD.fid-705841fe_17da459ca88_c5e,2009,305,2007-07-24,,,,,,,10032021,90001,1,AT90101,1015001,10011040,,1,8012,,,,25667299,d,definitiv,2008-12-10,0, ,343.07998657,3002.53,340803.01,H, ,Normal,Himmelpfortgasse 6-8,, ,,6-8,6-8,Himmelpfortgasse,236376267,10052556,10001922,,8.0,8,6,,6.0,2.0,1010,1976,1976,,POINT (48.20562507821595 16.37252988826639),1976002009,2.0,G  ,,,,,AT90101,0,1,1,25126478,2008-12-10,1,-,339.31,3016.76,340804.22,
ADRESSENOGD.fid-705841fe_17da459ca88_c34,1009,107109,2016-11-21,,,,,,,10029902,90001,1,AT90101,1048002,10011225,Burggartenrestaurant,1,8012,,,,25662527,d,definitiv,2016-11-21,0, ,308.42999268,2583.84,340745.17,H, ,Normal,Burggarten P Burggartenrestaurant,, Burggartenrestaurant,Burggartenrestaurant,P,P Burggartenrestaurant,Burggarten,236371525,25753557,10010221,,,,P,P,,2.0,1010,20011,1536,,POINT (48.20510655556768 16.36689662265826),1536001009,,PR ,,,,,AT90101,0,1,1,25067122,2021-10-29,0, ,36.78,2503.05,340656.8,
ADRESSENOGD.fid-705841fe_17da459ca88_c8d,3009,914,2007-07-24,,,,,,,10031572,90001,1,AT90101,1055001,10011262,,1,8012,,,,25602045,d,definitiv,2008-12-10,0, ,37.24000168,2471.58,341704.16,H, ,Normal,Helferstorferstraße 6,, ,,6,6,Helferstorferstraße,236379675,10053695,10001846,,,,6,,6.0,2.0,1010,1899,1899,,POINT (48.21373135476969 16.36539123144771),1899003009,2.0,G  ,,,,,AT90101,0,1,1,25134546,2008-12-10,0, ,36.96,2477.4,341713.7,
ADRESSENOGD.fid-705841fe_17da459ca88_cac,2009,131,2007-07-24,,,,,,,10043607,90001,1,AT90101,1076002,10011358,,1,8012,,,,25626470,d,definitiv,2008-12-10,0, ,346.64001465,2924.87,341057.95,H, ,Normal,Stock-im-Eisen-Platz 3,, ,,3,3,Stock-im-Eisen-Platz,236384710,10052248,10004633,,,,3,,3.0,1.0,1010,4732,4732,,POINT (48.20791813585834 16.37148664738127),4732002009,1.0,G  ,,,,,AT90101,0,1,1,25007565,2008-12-10,0, ,342.33,2926.62,341061.85,
ADRESSENOGD.fid-705841fe_17da459ca88_c72,2009,94265,2007-07-24,,,,,,,10024990,90001,1,AT90101,1042002,10011196,,1,8012,,,,25616956,d,definitiv,2008-12-10,0, ,349.51000977,1796.99,341119.78,I, ,Normal,Bartensteingasse 7,, ,,7,7,Bartensteingasse,236378186,10191163,10000352,,,,7,,7.0,2.0,1010,363,363,,POINT (48.2084778517069 16.35631196230336),363002009,1.0,G  ,,,,,AT90101,0,1,1,25053346,2008-12-10,0, ,78.33,1811.82,341132.08,
ADRESSENOGD.fid-705841fe_17da459ca88_cbd,1009,858,2007-07-24,,,,,,,10041428,90001,1,AT90101,1045003,10011213,,1,8012,,,,25689247,d,definitiv,2008-12-10,0, ,287.60998535,2398.15,341454.69,I, ,Normal,Schenkenstraße 4A,, ,,4A,4A,Schenkenstraße,236382993,10053598,10004134,,,,4A,A,4.0,2.0,1010,4223,4223,,POINT (48.21148806542161 16.36440193101616),4223001009,2.0,G  ,,,,,AT90101,0,1,1,25032182,2008-12-10,0, ,27.37,2336.3,341404.42,
ADRESSENOGD.fid-705841fe_17da459ca88_c73,1009,97459,2007-07-24,,,,,,,10033407,90001,1,AT90101,1032005,10011126,1(HOTEL BRISTOL),1,8012,,,,25629401,d,definitiv,2008-12-10,0, ,341.48001099,2828.89,340456.35,H, ,Normal,Kärntner Ring 1(HOTEL BRISTOL),, 1(HOTEL BRISTOL),1(HOTEL BRISTOL),1,1(HOTEL BRISTOL),Kärntner Ring,236377724,10195402,10002243,,,,1,,1.0,2.0,1010,2302,2302,,POINT (48.20250820278739 16.37019171075766),2302001009,1.0,G  ,,,,,AT90101,0,1,1,25136277,2008-12-10,0, ,341.46,2836.52,340452.61,
ADRESSENOGD.fid-705841fe_17da459ca88_c1f,4009,1049,2007-07-24,,,,,,,10031552,90001,1,AT90101,1059001,10011278,,1,8012,,,,25546495,d,definitiv,2008-12-10,0, ,314.23999023,2965.13,341817.2,I, ,Normal,Heinrichsgasse 6,, ,,6,6,Heinrichsgasse,236367913,10053958,10001839,,,,6,,6.0,2.0,1010,1891,1891,,POINT (48.21474606510506 16.37203309244014),1891004009,2.0,G  ,,,,,AT90101,0,1,1,25023963,2008-12-10,0, ,44.58,2965.29,341835.41,
ADRESSENOGD.fid-705841fe_17da459ca88_c88,1009,57,2007-07-24,,,,,,,10025608,90001,1,AT90101,1016003,10011046,,1,8012,,,,25615817,d,definitiv,2008-12-10,0, ,342.63000488,3055.65,340930.1,I, ,Normal,Blumenstockgasse 3,, ,,3,3,Blumenstockgasse,236380432,10052121,10000493,,,,3,,3.0,2.0,1010,509,509,,POINT (48.20676779820609 16.37324537761838),509001009,1.0,G  ,,,,,AT90101,0,1,1,25024596,2008-12-10,0, ,318.9,3052.43,340901.53,
ADRESSENOGD.fid-705841fe_17da459ca88_c86,4009,765,2007-07-24,,,,,,,10033410,90001,1,AT90101,1032006,10011127,,1,8012,,,,25510129,d,definitiv,2008-12-10,0, ,20.62000084,3093.53,340374.8,H, ,Normal,Kärntner Ring 17,, ,,17,17,Kärntner Ring,236380014,10053447,10002243,,,,17,,17.0,2.0,1010,2302,2302,,POINT (48.2017736952247 16.37375136017359),2302004009,1.0,G  ,,,,,AT90101,0,1,1,25124441,2008-12-10,0, ,22.16,3095.49,340373.77,
ADRESSENOGD.fid-705841fe_17da459ca88_ccd,1009,325,2007-07-24,,,,,,,10024221,90001,1,AT90101,1015003,10011042,,1,8012,,,,25664074,d,definitiv,2008-12-10,0, ,69.90000153,2876.02,340672.9,I, ,Normal,Annagasse 2,, ,,2,2,Annagasse,236385740,10052585,10000194,,,,2,,2.0,2.0,1010,205,205,,POINT (48.2044554962069 16.37082706308162),205001009,2.0,G  ,,,,,AT90101,0,1,1,25050431,2008-12-10,0, ,339.88,2915.14,340673.85,
ADRESSENOGD.fid-705841fe_17da459ca88_c8e,5009,235463,2013-05-06,,,,,,,10027756,90001,1,AT90101,1035002,10011142,,1,8012,2,,2.0,25728749,d,definitiv,2013-05-06,2,/,71.44999695,2378.96,340449.8,I, ,Normal,Elisabethstraße 11/2,,/2,/2,11,11/2,Elisabethstraße,236378723,25728751,10001001,,,,11,,11.0,2.0,1010,1038,1038,,POINT (48.20245089416971 16.36413876257338),1038005009,1.0,G  ,,,,,AT90101,0,1,1,25008407,2008-12-10,0, ,341.35,2401.34,340470.34,
ADRESSENOGD.fid-705841fe_17da459ca88_ccc,1019,663,2016-06-07,,,,,,,20110394,90001,1,AT90101,1023001,10011083,,1,8012,1,,1.0,25619917,d,definitiv,2016-06-07,2,/,335.75,3516.0,340989.38,H, ,Normal,Dr.-Karl-Lueger-Platz 2/1,,/1,/1,2,2/1,Dr.-Karl-Lueger-Platz,236386019,10053246,10000836,,,,2,,2.0,1.0,1010,867,867,,POINT (48.20729876078818 16.37943943007206),867001019,1.0,G  ,,,,,AT90101,0,1,1,25082999,2021-10-29,0, ,335.42,3518.03,340993.92,
ADRESSENOGD.fid-705841fe_17da459ca88_c42,1019,241754,2016-06-07,,,,,,,20110394,90001,1,AT90101,1023001,10011083,,1,8012,2,,2.0,25750538,d,definitiv,2016-06-07,2,/,335.42001343,3505.75,340966.62,H, ,Normal,Dr.-Karl-Lueger-Platz 2/2,,/2,/2,2,2/2,Dr.-Karl-Lueger-Platz,236369721,25750539,10000836,,,,2,,2.0,1.0,1010,867,867,,POINT (48.20709412701077 16.37930130412143),867001019,1.0,G  ,,,,,AT90101,0,1,1,25082999,2021-10-29,0, ,335.42,3518.03,340993.92,
ADRESSENOGD.fid-705841fe_17da459ca88_cb5,1009,94290,2007-07-24,,,,,,,10025161,90001,1,AT90101,1049003,10011231,,1,8012,,,,25518070,d,definitiv,2008-12-10,0, ,311.69000244,2042.2,340908.72,I, ,Normal,Bellariastraße 2,, ,,2,2,Bellariastraße,236384016,10191198,10000390,,,,2,,2.0,2.0,1010,404,404,,POINT (48.20657911621149 16.35961027429308),404001009,2.0,G  ,,,,,AT90101,0,1,1,25110865,2008-12-10,0, ,41.23,2050.17,340884.23,
ADRESSENOGD.fid-705841fe_17da459ca88_cc3,1009,1118,2007-07-24,,,,,,,10045096,90001,1,AT90101,1049002,10011230,,1,8012,,,,25581977,d,definitiv,2008-12-10,0, ,41.81000137,1940.58,340843.86,H, ,Normal,Volksgartenstraße 1,, ,,1,1,Volksgartenstraße,236386714,10054079,10005006,,,,1,,1.0,2.0,1010,5111,5111,,POINT (48.20599608689519 16.35824282678991),5111001009,1.0,G  ,,,,,AT90101,0,1,1,25145574,2008-12-10,0, ,41.86,1935.89,340844.92,
ADRESSENOGD.fid-705841fe_17da459ca88_c62,3009,163838,2015-04-23,,,,,,,10033409,90001,1,AT90101,1037003,10011158,,1,8012,1,,1.0,25582286,d,definitiv,2015-04-23,12,Stand,340.91000366,3056.92,340331.03,H,V,vor,Kärntner Ring vor 16 Stand 1,, Stand 1,Stand 1,vor 16,vor 16 Stand 1,Kärntner Ring,236374192,25743683,10002243,,,,16,,16.0,2.0,1010,2302,2302,,POINT (48.2013802307194 16.37325856251972),2302003009,,G  ,,,,,AT90101,0,1,1,25743681,2015-04-23,0, ,344.35,3052.87,340332.67,
ADRESSENOGD.fid-705841fe_17da459ca88_c31,2009,215671,2009-09-04,,,,,,,10026539,90001,1,AT90101,1021002,10011075,(GARAGE),1,8012,,,,25699321,d,definitiv,2009-09-04,0, ,35.34000015,3308.47,340769.91,H, ,Normal,Coburgbastei 5-7 (GARAGE),, (GARAGE),(GARAGE),5-7,5-7 (GARAGE),Coburgbastei,236369683,10380245,10000696,,7.0,7,5,,5.0,2.0,1010,721,721,,POINT (48.20532606172024 16.37664576328753),721002009,1.0,G  ,,,,,AT90101,0,1,1,25074676,2008-12-10,1,-,35.34,3307.21,340773.02,
ADRESSENOGD.fid-705841fe_17da459ca88_cc1,1019,709,2007-07-24,,,,,,,10444136,90001,1,AT90101,1021001,10011074,,1,8012,,,,25614024,d,definitiv,2008-12-10,0, ,34.95000076,3341.91,340866.04,I, ,Normal,Coburgbastei 2,, ,,2,2,Coburgbastei,236387177,10053333,10000696,,,,2,,2.0,2.0,1010,721,721,,POINT (48.20619038472152 16.37709627639208),721001019,2.0,G  ,,,,,AT90101,0,1,1,25068748,2008-12-10,0, ,54.58,3354.65,340843.09,
ADRESSENOGD.fid-705841fe_17da459ca88_ca4,2009,95607,2007-07-24,,,,,,,10025401,90001,1,AT90101,1025002,10011093,,1,8012,,,,25584687,d,definitiv,2008-12-10,0, ,88.23000336,3646.32,341286.8,H, ,Normal,Georg-Coch-Platz 2,, ,,2,2,Georg-Coch-Platz,236380919,10192963,10001401,,,,2,,2.0,1.0,1010,1444,1444,,POINT (48.20997283856912 16.38119509899025),1444002009,1.0,G  ,,,,,AT90101,0,1,1,25078770,2008-12-10,0, ,88.73,3647.31,341287.5,
ADRESSENOGD.fid-705841fe_17da459ca88_c4e,1009,1103,2007-07-24,,,,,,,10024989,90001,1,AT90101,1042004,10011198,,1,8012,,,,25574879,d,definitiv,2008-12-10,0, ,349.51000977,1791.79,341094.35,I, ,Normal,Bartensteingasse 5,, ,,5,5,Bartensteingasse,236372377,10054052,10000352,,,,5,,5.0,2.0,1010,363,363,,POINT (48.20824916640453 16.35624190932991),363001009,1.0,G  ,,,,,AT90101,0,1,1,25041285,2008-12-10,0, ,78.91,1802.71,341084.3,
ADRESSENOGD.fid-705841fe_17da459ca88_c63,3009,97462,2015-04-23,,,,,,,10033409,90001,1,AT90101,1037003,10011158,,1,8012,,,,25604432,d,definitiv,2015-04-23,0, ,340.91000366,3047.29,340316.8,H, ,Normal,Kärntner Ring 16,, ,,16,16,Kärntner Ring,236374193,10195409,10002243,,,,16,,16.0,2.0,1010,2302,2302,,POINT (48.20125227366939 16.37312887966514),2302003009,2.0,G  ,,,,,AT90101,0,1,1,25042643,2008-12-10,0, ,344.35,3049.13,340319.4,
ADRESSENOGD.fid-705841fe_17da459ca88_c9f,1009,152,2007-07-24,,,,,,,10034651,90001,1,AT90101,1078001,10011370,,1,8012,2,,2.0,25524852,d,definitiv,2008-12-10,2,/,45.83000183,3002.96,341245.32,H, ,Normal,Kramergasse 3/2,,/2,/2,3,3/2,Kramergasse,236382378,10052297,10002557,,,,3,,3.0,2.0,1010,2623,2623,,POINT (48.20960286706048 16.37253849254697),2623001009,1.0,G  ,208800.0,,,,AT90101,0,1,1,25115698,2008-12-10,0, ,45.83,3011.0,341244.59,
ADRESSENOGD.fid-705841fe_17da459ca88_c6a,3009,918,2007-07-24,,,,,,,10031572,90001,1,AT90101,1055001,10011262,,1,8012,,,,25523046,d,definitiv,2008-12-10,0, ,304.51998901,2501.0,341711.35,I, ,Normal,Helferstorferstraße 8,, ,,8,8,Helferstorferstraße,236375002,10053703,10001846,,,,8,,8.0,2.0,1010,1899,1899,,POINT (48.21379591451906 16.36578714083929),1899003009,2.0,G  ,,,,,AT90101,0,1,1,25133314,2008-12-10,0, ,36.96,2487.64,341721.32,
ADRESSENOGD.fid-705841fe_17da459ca88_c4f,3009,1138,2007-07-24,,,,,,,10024991,90001,1,AT90101,1041008,10011191,,1,8012,,,,25530555,d,definitiv,2008-12-10,0, ,348.92001343,1859.64,341198.54,I, ,Normal,Bartensteingasse 12,, ,,12,12,Bartensteingasse,236372378,10054113,10000352,,,,12,,12.0,2.0,1010,363,363,,POINT (48.20918600653284 16.35715517706171),363003009,2.0,G  ,,,,,AT90101,0,1,1,25059045,2008-12-10,0, ,79.59,1849.6,341213.78,
ADRESSENOGD.fid-705841fe_17da459ca88_c90,2509,762,2007-07-24,,,,,,,10025666,90001,1,AT90101,1037002,10011157,,1,8012,,,,25580287,d,definitiv,2008-12-10,0, ,341.48001099,2964.86,340343.05,I, ,Normal,Bösendorferstraße 13,, ,,13,13,Bösendorferstraße,236379511,10053442,10000514,,,,13,,13.0,2.0,1010,530,530,,POINT (48.20148871360425 16.372020195483),530002509,1.0,G  ,,,,,AT90101,0,1,1,25029514,2008-12-10,0, ,341.19,2981.19,340293.32,
ADRESSENOGD.fid-705841fe_17da459ca88_c97,1029,34,2019-07-31,,,,,,,20045721,90001,1,AT90101,1014002,10011038,,1,8012,,,,25671242,d,definitiv,2008-12-10,0, ,342.63000488,2959.89,340837.52,H, ,Normal,Himmelpfortgasse 3,, ,,3,3,Himmelpfortgasse,236378553,10052084,10001922,,,,3,,3.0,2.0,1010,1976,1976,,POINT (48.20593561449306 16.37195643646774),1976001029,1.0,G  ,,,,,AT90101,0,1,1,25141881,2019-07-31,0, ,343.04,2956.13,340836.9,
ADRESSENOGD.fid-705841fe_17da459ca88_c49,2009,615,2007-07-24,,,,,,,10027054,90001,1,AT90101,1018003,10011059,,1,8012,,,,25564182,d,definitiv,2008-12-10,0, ,57.50999832,3484.97,341045.57,H, ,Normal,Dr.-Karl-Lueger-Platz 4,, ,,4,4,Dr.-Karl-Lueger-Platz,236373191,10053159,10000836,,,,4,,4.0,1.0,1010,867,867,,POINT (48.20780423544988 16.37902234007491),867002009,1.0,G  ,,,,,AT90101,0,1,1,25096317,2008-12-10,0, ,58.89,3486.53,341045.36,
ADRESSENOGD.fid-705841fe_17da459ca88_c6d,1019,346,2010-10-25,,,,,,,18793909,90001,1,AT90101,1034004,10011139,,1,8012,3,,3.0,25593534,d,definitiv,2008-12-10,2,/,341.48001099,2669.62,340400.08,H, ,Normal,Elisabethstraße 6/3,,/3,/3,6,6/3,Elisabethstraße,236377577,10052616,10001001,,,,6,,6.0,2.0,1010,1038,1038,,POINT (48.20200276867403 16.36804874629619),1038001019,2.0,G  ,205846.0,,,,AT90101,0,1,1,25062104,2010-10-25,0, ,342.16,2674.09,340397.04,
ADRESSENOGD.fid-705841fe_17da459ca88_ccb,2009,101577,2021-08-17,,,,,,,10041429,90001,1,AT90101,1045002,10011212,,1,8012,,,,25570192,d,definitiv,2008-12-10,0, ,29.20999908,2305.58,341324.86,I, ,Normal,Schenkenstraße 3,, ,,3,3,Schenkenstraße,236385296,10201278,10004134,,,,3,,3.0,2.0,1010,4223,4223,,POINT (48.2103207758934 16.3631557600417),4223002009,1.0,G  ,,,,,AT90101,0,1,1,25102156,2021-08-17,0, ,28.62,2290.38,341363.76,
ADRESSENOGD.fid-705841fe_17da459ca88_ce1,3009,94686,2007-07-24,,,,,,,10027754,90001,1,AT90101,1034003,10011138,,1,8012,,,,25670875,d,definitiv,2008-12-10,0, ,341.48001099,2524.39,340448.55,H, ,Normal,Elisabethstraße 14,, ,,14,14,Elisabethstraße,236388043,10191747,10001001,,,,14,,14.0,2.0,1010,1038,1038,,POINT (48.20243919623747 16.36609524891473),1038003009,2.0,G  ,,,,,AT90101,0,1,1,25073990,2008-12-10,0, ,340.1,2525.41,340446.9,
ADRESSENOGD.fid-705841fe_17da459ca88_cab,4009,96416,2007-07-24,,,,,,,10032023,90001,1,AT90101,1020004,10011070,,1,8012,,,,25594387,d,definitiv,2008-12-10,0, ,325.67001343,3262.44,340678.58,H, ,Normal,Himmelpfortgasse 29,, ,,29,29,Himmelpfortgasse,236384405,10193999,10001922,,,,29,,29.0,2.0,1010,1976,1976,,POINT (48.20450489129234 16.37602578531558),1976004009,1.0,G  ,,,,,AT90101,0,1,1,25057258,2008-12-10,0, ,325.03,3261.81,340677.45,
ADRESSENOGD.fid-705841fe_17da459ca88_cd5,1009,784,2014-01-28,,,,,,,10025665,90001,1,AT90101,1037004,10011159,Schule,1,8012,,,,25623408,d,definitiv,2014-01-28,0, ,70.47000122,2875.46,340277.63,I, ,Normal,Bösendorferstraße 8 Schule,, Schule,Schule,8,8 Schule,Bösendorferstraße,236388872,10053484,10000514,,,,8,,8.0,2.0,1010,530,530,,POINT (48.20090073038174 16.37081719642954),530001009,2.0,G  ,,,,,AT90101,0,1,1,25138867,2008-12-10,0, ,340.93,2860.16,340316.42,
ADRESSENOGD.fid-705841fe_17da459ca88_c38,3009,764,2007-07-24,,,,,,,10033409,90001,1,AT90101,1032006,10011127,,1,8012,,,,25558128,d,definitiv,2008-12-10,0, ,341.48001099,3056.67,340379.88,H, ,Normal,Kärntner Ring 15,, ,,15,15,Kärntner Ring,236371854,10053446,10002243,,,,15,,15.0,2.0,1010,2302,2302,,POINT (48.2018195420134 16.37325552485376),2302003009,1.0,G  ,,,,,AT90101,0,1,1,25058877,2008-12-10,0, ,344.35,3056.56,340379.0,
ADRESSENOGD.fid-705841fe_17da459ca88_ca2,1019,385,2010-10-25,,,,,,,18793851,90001,1,AT90101,1074002,10011349,,1,8012,,,,25615691,d,definitiv,2008-12-10,0, ,63.75,2715.77,341039.18,H, ,Normal,Bräunerstraße 10,, ,,10,10,Bräunerstraße,236380882,10052683,10000535,,,,10,,10.0,2.0,1010,551,551,,POINT (48.20775016386293 16.3686732340202),551001019,2.0,G  ,,,,,AT90101,0,1,1,25078603,2010-10-25,0, ,56.86,2717.7,341039.78,
ADRESSENOGD.fid-705841fe_17da459ca88_cd9,2009,94683,2007-07-24,,,,,,,10027753,90001,1,AT90101,1036001,10011148,,1,8012,,,,25569359,d,definitiv,2008-12-10,0, ,341.48001099,2613.39,340395.11,I, ,Normal,Elisabethstraße 9,, ,,9,9,Elisabethstraße,236389236,10191744,10001001,,,,9,,9.0,2.0,1010,1038,1038,,POINT (48.20195827984723 16.36729226768712),1038002009,1.0,G  ,,,,,AT90101,0,1,1,25107646,2008-12-10,0, ,341.75,2580.07,340410.62,
ADRESSENOGD.fid-705841fe_17da459ca88_cbc,1009,798,2007-07-24,,,,,,,10033407,90001,1,AT90101,1037001,10011156,,1,8012,,,,25674760,d,definitiv,2008-12-10,0, ,340.91000366,2890.55,340367.81,H, ,Normal,Kärntner Ring 8,, ,,8,8,Kärntner Ring,236383527,10053507,10002243,,,,8,,8.0,2.0,1010,2302,2302,,POINT (48.20171169365911 16.37102067842772),2302001009,2.0,G  ,,,,,AT90101,0,1,1,25100569,2008-12-10,0, ,341.46,2893.05,340371.35,
ADRESSENOGD.fid-705841fe_17da459ca88_c5c,2009,153864,2007-07-24,,,,,,,10026539,90001,1,AT90101,1021002,10011075,,1,8012,2,,2.0,25570954,d,definitiv,2008-12-10,2,/,39.70999908,3327.01,340780.93,H, ,Normal,Coburgbastei 3/2,,/2,/2,3,3/2,Coburgbastei,236375481,10268380,10000696,,,,3,,3.0,2.0,1010,721,721,,POINT (48.20542504290842 16.37689520583445),721002009,1.0,G  ,219248.0,,,,AT90101,0,1,1,25098630,2008-12-10,0, ,35.34,3317.99,340779.35,
ADRESSENOGD.fid-705841fe_17da459ca88_c1b,1009,356,2007-07-24,,,,,,,10029848,90001,1,AT90101,1076007,10011363,,1,8012,,,,25572528,d,definitiv,2008-12-10,0, ,324.29000854,2786.62,340785.15,H, ,Normal,Gluckgasse 2,, ,,2,2,Gluckgasse,236367626,10052632,10001476,,,,2,,2.0,2.0,1010,1521,1521,,POINT (48.20546534221226 16.36962498263941),1521001009,2.0,G  ,,,,,AT90101,0,1,1,25131146,2008-12-10,0, ,324.44,2786.27,340783.51,
ADRESSENOGD.fid-705841fe_17da459ca88_c5d,2009,851,2007-07-24,,,,,,,10041429,90001,1,AT90101,1045002,10011212,,1,8012,,,,25685554,d,definitiv,2008-12-10,0, ,29.79000092,2287.32,341314.79,I, ,Normal,Schenkenstraße 5,, ,,5,5,Schenkenstraße,236376021,10053585,10004134,,,,5,,5.0,2.0,1010,4223,4223,,POINT (48.21023027169974 16.36291002472781),4223002009,1.0,G  ,,,,,AT90101,0,1,1,25138795,2008-12-10,0, ,28.62,2267.69,341350.31,
ADRESSENOGD.fid-705841fe_17da459ca88_c33,1009,146,2007-07-24,,,,,,,10032359,90001,1,AT90101,1072003,10011339,,1,8012,,,,25577194,d,definitiv,2008-12-10,0, ,324.85998535,3042.83,341349.28,H, ,Normal,Hoher Markt 1,, ,,1,1,Hoher Markt,236371397,10052284,10001994,,,,1,,1.0,2.0,1010,2049,2049,,POINT (48.21053763057102 16.37307560787325),2049001009,1.0,G  ,,,,,AT90101,0,1,1,25146510,2008-12-10,0, ,321.09,3046.77,341351.53,
ADRESSENOGD.fid-705841fe_17da459ca88_c70,2009,1187,2007-07-24,,,,,,,10032360,90001,1,AT90101,1071001,10011330,,1,8012,1,,1.0,25686174,d,definitiv,2008-12-10,2,/,54.43000031,3067.09,341436.07,I, ,Normal,Hoher Markt 8-9/1,,/1,/1,8-9,8-9/1,Hoher Markt,236378371,10054223,10001994,,9.0,9,8,,8.0,2.0,1010,2049,2049,,POINT (48.2113180462303 16.37340259364041),2049002009,2.0,G  ,207808.0,,,,AT90101,0,1,1,25125131,2008-12-10,1,-,319.81,3009.63,341424.46,
ADRESSENOGD.fid-705841fe_17da459ca88_c5f,1009,451,2008-09-01,,,,,,,10043704,90001,1,AT90101,1067001,10011314,,1,8012,,,,25640996,d,definitiv,2008-12-10,0, ,61.88000107,2529.35,341389.11,H, ,Normal,Strauchgasse 1,, ,,1,1,Strauchgasse,236375489,10052805,10004662,,,,1,,1.0,2.0,1010,4761,4761,,POINT (48.21089784281291 16.36616692074605),4761001009,1.0,G  ,,,,,AT90101,0,1,1,25145230,2008-12-10,0, ,61.62,2525.97,341390.94,
ADRESSENOGD.fid-705841fe_17da459ca88_c56,1009,785,2007-07-24,,,,,,,10025665,90001,1,AT90101,1037001,10011156,,1,8012,,,,25544497,d,definitiv,2008-12-10,0, ,342.05999756,2795.59,340357.82,H, ,Normal,Bösendorferstraße 1,, ,,1,1,Bösendorferstraße,236372501,10053485,10000514,,,,1,,1.0,2.0,1010,530,530,,POINT (48.20162223188425 16.36974314809644),530001009,1.0,G  ,,,,,AT90101,0,1,1,25091013,2008-12-10,0, ,340.93,2801.1,340354.17,
ADRESSENOGD.fid-705841fe_17da459ca88_c24,1509,102943,2019-07-17,,,,,,,20052072,90001,1,AT90101,1026003,10011097,,1,8012,,,,25568273,d,definitiv,2008-12-10,0, ,79.63999939,3705.75,341240.58,I, ,Normal,Georg-Coch-Platz 1,, ,,1,1,Georg-Coch-Platz,236368069,10203058,10001401,,,,1,,1.0,1.0,1010,1444,1444,,POINT (48.20955685599356 16.38199435224219),1444001509,1.0,G  ,,,,,AT90101,0,1,1,25021520,2019-07-17,0, ,358.41,3686.28,341270.4,
ADRESSENOGD.fid-705841fe_17da459ca88_c47,1009,786,2007-07-24,,,,,,,10025665,90001,1,AT90101,1037004,10011159,,1,8012,,,,25571913,d,definitiv,2008-12-10,0, ,341.48001099,2791.34,340335.48,H, ,Normal,Bösendorferstraße 2,, ,,2,2,Bösendorferstraße,236373693,10053487,10000514,,,,2,,2.0,2.0,1010,530,530,,POINT (48.2014213398538 16.36968584287064),530001009,2.0,G  ,,,,,AT90101,0,1,1,25093170,2008-12-10,0, ,340.93,2793.62,340339.13,
ADRESSENOGD.fid-705841fe_17da459ca88_ca5,3502,120617,2018-03-12,,,,,,,10039861,90001,1,AT90101,1041020,10011192,,1,8012,,,,25663372,d,definitiv,2008-12-10,0, ,348.76998901,2033.33,341349.36,H, ,Normal,Christkindlmarkt C,, ,,C,C,Christkindlmarkt,236380974,10399661,10009713,,,,C,C,,2.0,1010,17033,3861,,POINT (48.21054191235804 16.35949273943316),3861003502,,M  ,,,,,AT90101,0,1,1,25140481,2018-03-12,0, ,0.0,2024.91,341353.37,
ADRESSENOGD.fid-705841fe_17da459ca88_cd3,1009,143,2007-07-24,,,,,,,10034651,90001,1,AT90101,1078001,10011370,,1,8012,,,,25516050,d,definitiv,2008-12-10,0, ,32.08000183,3021.71,341283.0,I, ,Normal,Kramergasse 7,, ,,7,7,Kramergasse,236389361,10052278,10002557,,,,7,,7.0,2.0,1010,2623,2623,,POINT (48.20994165125727 16.37279101189449),2623001009,1.0,G  ,,,,,AT90101,0,1,1,25047852,2008-12-10,0, ,45.83,3038.06,341273.22,
ADRESSENOGD.fid-705841fe_17da459ca88_c4d,2009,617,2007-07-24,,,,,,,10027054,90001,1,AT90101,1018003,10011059,,1,8012,,,,25591626,d,definitiv,2008-12-10,0, ,57.50999832,3494.42,341081.4,H, ,Normal,Dr.-Karl-Lueger-Platz 4B,, ,,4B,4B,Dr.-Karl-Lueger-Platz,236372020,10053162,10000836,,,,4B,B,4.0,1.0,1010,867,867,,POINT (48.20812641493555 16.37914975332299),867002009,1.0,G  ,,,,,AT90101,0,1,1,25038118,2008-12-10,0, ,58.89,3499.14,341065.1,
ADRESSENOGD.fid-705841fe_17da459ca88_cb9,1019,342,2010-10-25,,,,,,,18793909,90001,1,AT90101,1036002,10011149,,1,8012,,,,25535404,d,definitiv,2008-12-10,0, ,341.48001099,2718.16,340360.01,H, ,Normal,Elisabethstraße 1,, ,,1,1,Elisabethstraße,236383388,10052609,10001001,,,,1,,1.0,2.0,1010,1038,1038,,POINT (48.20164222687027 16.36870151724148),1038001019,1.0,G  ,,,,,AT90101,0,1,1,25052839,2010-10-25,0, ,342.16,2719.84,340363.89,
ADRESSENOGD.fid-705841fe_17da459ca88_c7c,2009,281,2007-07-24,,,,,,,10032021,90001,1,AT90101,1016005,10011048,,1,8012,,,,25539231,d,definitiv,2008-12-10,0, ,340.32998657,3097.58,340787.0,H, ,Normal,Himmelpfortgasse 15,, ,,15,15,Himmelpfortgasse,236377402,10052522,10001922,,,,15,,15.0,2.0,1010,1976,1976,,POINT (48.20548068476307 16.37380856232508),1976002009,1.0,G  ,,,,,AT90101,0,1,1,25020836,2008-12-10,0, ,339.31,3100.55,340784.73,
ADRESSENOGD.fid-705841fe_17da459ca88_cdb,1009,1097,2007-07-24,,,,,,,10025161,90001,1,AT90101,1049003,10011231,,1,8012,,,,25628439,d,definitiv,2008-12-10,0, ,41.88000107,2030.13,340868.88,H, ,Normal,Bellariastraße 4,, ,,4,4,Bellariastraße,236388694,10054041,10000390,,,,4,,4.0,2.0,1010,404,404,,POINT (48.20622085929613 16.35944772177716),404001009,2.0,G  ,,,,,AT90101,0,1,1,25025258,2008-12-10,0, ,41.23,2032.0,340868.26,
ADRESSENOGD.fid-705841fe_17da459ca88_c6f,1009,419,2012-10-04,,,,,,,10043704,90001,1,AT90101,1060002,10011284,,1,8012,1,,1.0,25591761,d,definitiv,2012-10-04,2,/,319.14001465,2477.97,341345.08,I, ,Normal,Strauchgasse 4/1,,/1,/1,4,4/1,Strauchgasse,236377852,10052753,10004662,,,,4,,4.0,2.0,1010,4761,4761,,POINT (48.21050201412336 16.36547536134321),4761001009,2.0,G  ,212533.0,,,,AT90101,0,1,1,25060493,2008-12-10,0, ,61.62,2494.37,341356.15,
ADRESSENOGD.fid-705841fe_17da459ca88_cd2,1009,142,2007-07-24,,,,,,,10034651,90001,1,AT90101,1078001,10011370,,1,8012,,,,25670871,d,definitiv,2008-12-10,0, ,33.22000122,3008.38,341274.35,I, ,Normal,Kramergasse 5,, ,,5,5,Kramergasse,236389360,10052276,10002557,,,,5,,5.0,2.0,1010,2623,2623,,POINT (48.20986391699383 16.37261160298274),2623001009,1.0,G  ,,,,,AT90101,0,1,1,25084852,2008-12-10,0, ,45.83,3027.47,341259.13,
ADRESSENOGD.fid-705841fe_17da459ca88_c67,2009,863,2007-07-24,,,,,,,10041429,90001,1,AT90101,1045002,10011212,,1,8012,,,,25508543,d,definitiv,2008-12-10,0, ,79.05000305,2248.33,341319.03,I, ,Normal,Schenkenstraße 7,, ,,7,7,Schenkenstraße,236374816,10053608,10004134,,,,7,,7.0,2.0,1010,4223,4223,,POINT (48.21026852392867 16.36238543512131),4223002009,1.0,G  ,,,,,AT90101,0,1,1,25090879,2008-12-10,0, ,28.62,2254.66,341343.6,
ADRESSENOGD.fid-705841fe_17da459ca88_c2b,1019,161986,2019-08-05,,,,,,,18849087,90001,1,AT90101,1049003,10011231,VOR 1 STAENDE,1,8012,,,,25534193,d,definitiv,2008-12-10,0, ,311.69000244,2057.56,340922.5,H, ,Normal,Dr.-Karl-Renner-Ring 1 VOR 1 STAENDE,, VOR 1 STAENDE,VOR 1 STAENDE,1,1 VOR 1 STAENDE,Dr.-Karl-Renner-Ring,236368740,10278099,10000838,,,,1,,1.0,2.0,1010,869,869,,POINT (48.20670300041655 16.35981698501507),869001019,1.0,G  ,,,,,AT90101,0,1,1,25132304,2019-08-05,0, ,309.23,2045.4,340911.24,
ADRESSENOGD.fid-705841fe_17da459ca88_c32,1009,808,2007-07-24,,,,,,,10023647,90001,1,AT90101,1032001,10011122,,1,8012,,,,25580531,d,definitiv,2008-12-10,0, ,9.27000046,2939.24,340575.84,I, ,Normal,Alte Walfischgasse 9,, ,,9,9,Alte Walfischgasse,236370845,10053523,10000093,,,,9,,9.0,2.0,1010,97,97,,POINT (48.20358235399593 16.37167698634696),97001009,,N  ,,,,,AT90101,0,1,1,25052945,2021-10-29,0, ,12.32,2938.39,340574.77,
ADRESSENOGD.fid-705841fe_17da459ca88_cb2,1009,137,2007-07-24,,,,,,,10046082,90001,1,AT90101,1072002,10011338,,1,8012,,,,25593030,d,definitiv,2008-12-10,0, ,59.0,2926.14,341284.04,H, ,Normal,Wildpretmarkt 2-4,, ,,2-4,2-4,Wildpretmarkt,236385107,10052265,10005210,,4.0,4,2,,2.0,2.0,1010,5318,5318,,POINT (48.20995140703093 16.37150513464532),5318001009,2.0,G  ,,,,,AT90101,0,1,1,25115973,2008-12-10,1,-,60.56,2924.3,341288.31,
ADRESSENOGD.fid-705841fe_17da459ca88_c3a,1009,1115,2007-07-24,,,,,,,10024989,90001,1,AT90101,1042004,10011198,,1,8012,,,,25537677,d,definitiv,2008-12-10,0, ,350.07000732,1779.74,341036.39,I, ,Normal,Bartensteingasse 1,, ,,1,1,Bartensteingasse,236370042,10054075,10000352,,,,1,,1.0,2.0,1010,363,363,,POINT (48.20772794763557 16.35607958081911),363001009,1.0,G  ,,,,,AT90101,0,1,1,25109060,2008-12-10,0, ,78.91,1794.62,341043.44,
ADRESSENOGD.fid-705841fe_17da459ca88_c41,1009,819,2007-07-24,,,,,,,10023647,90001,1,AT90101,1032001,10011122,,1,8012,,,,25680954,d,definitiv,2008-12-10,0, ,6.30000019,2915.11,340573.34,I, ,Normal,Alte Walfischgasse 7,, ,,7,7,Alte Walfischgasse,236369708,10053537,10000093,,,,7,,7.0,2.0,1010,97,97,,POINT (48.2035599708415 16.37135234466345),97001009,1.0,N  ,,,,,AT90101,0,1,1,25020713,2008-12-10,0, ,12.32,2917.51,340572.31,
ADRESSENOGD.fid-705841fe_17da459ca88_c2d,2009,1096,2007-07-24,,,,,,,10024990,90001,1,AT90101,1042002,10011196,,1,8012,,,,25676286,d,definitiv,2008-12-10,0, ,79.05000305,1816.69,341163.58,H, ,Normal,Bartensteingasse 9,, ,,9,9,Bartensteingasse,236368890,10054039,10000352,,,,9,,9.0,2.0,1010,363,363,,POINT (48.20887170785095 16.35657717287793),363002009,1.0,G  ,,,,,AT90101,0,1,1,25050232,2008-12-10,0, ,78.33,1818.37,341164.47,
ADRESSENOGD.fid-705841fe_17da459ca88_c5a,3009,1139,2007-07-24,,,,,,,10024991,90001,1,AT90101,1041007,10011190,,1,8012,,,,25588948,d,definitiv,2008-12-10,0, ,348.92001343,1798.32,341209.97,I, ,Normal,Bartensteingasse 11,, ,,11,11,Bartensteingasse,236375895,10054114,10000352,,,,11,,11.0,2.0,1010,363,363,,POINT (48.20928894692108 16.35633017574819),363003009,1.0,G  ,,,,,AT90101,0,1,1,25083803,2008-12-10,0, ,79.59,1830.82,341228.8,
ADRESSENOGD.fid-705841fe_17da459ca88_c51,3009,101823,2018-01-10,,,,,,,10031572,90001,1,AT90101,1054004,10011259,,1,8012,,,,25532108,d,definitiv,2018-01-10,0, ,36.65999985,2443.24,341740.86,I, ,Normal,Helferstorferstraße 9-15,, ,,9-15,9-15,Helferstorferstraße,236372671,10201617,10001846,,15.0,15,9,,9.0,2.0,1010,1899,1899,,POINT (48.21406150198658 16.36501007734035),1899003009,1.0,G  ,,,,,AT90101,0,1,1,25142037,2008-12-10,1,-,36.96,2453.49,341717.03,
ADRESSENOGD.fid-705841fe_17da459ca88_c60,1009,791,2007-07-24,,,,,,,10025665,90001,1,AT90101,1037001,10011156,,1,8012,,,,25603725,d,definitiv,2008-12-10,0, ,341.48001099,2877.79,340330.03,H, ,Normal,Bösendorferstraße 7,, ,,7,7,Bösendorferstraße,236376032,10053493,10000514,,,,7,,7.0,2.0,1010,530,530,,POINT (48.20137198144498 16.37084879196947),530001009,1.0,G  ,,,,,AT90101,0,1,1,25077041,2008-12-10,0, ,340.93,2875.29,340329.2,
ADRESSENOGD.fid-705841fe_17da459ca88_cd0,1009,796,2011-08-19,,,,,,,10033407,90001,1,AT90101,1032005,10011126,RINGSTRASSENGALERIEN,1,8012,,,,25538136,d,definitiv,2011-08-19,0, ,341.48001099,2904.58,340430.97,H, ,Normal,Kärntner Ring 5-7 RINGSTRASSENGALERIEN,, RINGSTRASSENGALERIEN,RINGSTRASSENGALERIEN,5-7,5-7 RINGSTRASSENGALERIEN,Kärntner Ring,236389356,10053501,10002243,,7.0,7,5,,5.0,2.0,1010,2302,2302,,POINT (48.20227964850157 16.37120980808066),2302001009,1.0,G  ,,,,,AT90101,0,1,1,25041712,2008-12-10,1,-,341.46,2892.05,340435.1,
ADRESSENOGD.fid-705841fe_17da459ca88_cb8,1009,240925,2016-01-14,,,,,,,10031547,90001,1,AT90101,1058001,10011274,,1,8012,2,,2.0,25748039,d,definitiv,2016-01-14,2,/,43.93000031,2869.07,341701.68,H, ,Normal,Heinrichsgasse 2/2,,/2,/2,2,2/2,Heinrichsgasse,236383107,25748040,10001839,,,,2,,2.0,2.0,1010,1891,1891,,POINT (48.21370757678027 16.37073982980518),1891001009,2.0,G  ,,,,,AT90101,0,1,1,25133716,2008-12-10,0, ,43.93,2843.45,341717.4,
ADRESSENOGD.fid-705841fe_17da459ca88_c96,5009,702,2007-07-24,,,,,,,10032024,90001,1,AT90101,1020005,10011071,,1,8012,,,,25677480,d,definitiv,2008-12-10,0, ,55.56000137,3306.06,340609.42,I, ,Normal,Himmelpfortgasse 30,, ,,30,30,Himmelpfortgasse,236378552,10053319,10001922,,,,30,,30.0,2.0,1010,1976,1976,,POINT (48.20388271479483 16.3766121353124),1976005009,2.0,G  ,,,,,AT90101,0,1,1,25123104,2008-12-10,0, ,325.7,3303.93,340627.84,
ADRESSENOGD.fid-705841fe_17da459ca88_cbf,1009,575,2007-07-24,,,,,,,10042438,90001,1,AT90101,1071005,10011332,,1,8012,,,,25581003,d,definitiv,2008-12-10,0, ,345.10998535,3132.22,341493.79,I, ,Normal,Seitenstettengasse 1-3,, ,,1-3,1-3,Seitenstettengasse,236387392,10053059,10004373,,3.0,3,1,,1.0,2.0,1010,4471,4471,,POINT (48.21183684702552 16.37427931953785),4471001009,1.0,G  ,,,,,AT90101,0,1,1,25025424,2008-12-10,1,-,340.09,3136.88,341488.78,
ADRESSENOGD.fid-705841fe_17da459ca88_c37,1009,797,2007-07-24,,,,,,,10033407,90001,1,AT90101,1037001,10011156,,1,8012,,,,25669952,d,definitiv,2008-12-10,0, ,341.48001099,2863.89,340376.69,H, ,Normal,Kärntner Ring 6,, ,,6,6,Kärntner Ring,236371853,10053506,10002243,,,,6,,6.0,2.0,1010,2302,2302,,POINT (48.20179166180744 16.3706620822321),2302001009,2.0,G  ,,,,,AT90101,0,1,1,25093631,2008-12-10,0, ,341.46,2866.16,340380.46,
ADRESSENOGD.fid-705841fe_17da459ca88_c9b,1009,525,2007-07-24,,,,,,,10046082,90001,1,AT90101,1072001,10011337,,1,8012,,,,25602071,d,definitiv,2008-12-10,0, ,45.25,2921.06,341365.97,I, ,Normal,Wildpretmarkt 7,, ,,7,7,Wildpretmarkt,236382782,10052937,10005210,,,,7,,7.0,2.0,1010,5318,5318,,POINT (48.21068824213069 16.37143729026925),5318001009,1.0,G  ,,,,,AT90101,0,1,1,25069316,2008-12-10,0, ,45.02,2940.25,341347.24,
ADRESSENOGD.fid-705841fe_17da459ca88_cd6,1009,135,2007-07-24,,,,,,,10046082,90001,1,AT90101,1072001,10011337,,1,8012,,,,25526263,d,definitiv,2008-12-10,0, ,46.40000153,2898.3,341342.44,I, ,Normal,Wildpretmarkt 3,, ,,3,3,Wildpretmarkt,236388605,10052260,10005210,,,,3,,3.0,2.0,1010,5318,5318,,POINT (48.210476725429 16.37113090835745),5318001009,1.0,G  ,,,,,AT90101,0,1,1,25058329,2008-12-10,0, ,60.56,2922.82,341322.02,
ADRESSENOGD.fid-705841fe_17da459ca88_c3c,4009,706,2007-07-24,,,,,,,10032023,90001,1,AT90101,1020003,10011069,,1,8012,,,,25554931,d,definitiv,2008-12-10,0, ,52.70000076,3220.56,340667.04,I, ,Normal,Himmelpfortgasse 24,, ,,24,24,Himmelpfortgasse,236370375,10053327,10001922,,,,24,,24.0,2.0,1010,1976,1976,,POINT (48.20440130362428 16.37546227479433),1976004009,2.0,G  ,,,,,AT90101,0,1,1,25028772,2008-12-10,0, ,325.03,3233.74,340676.08,
ADRESSENOGD.fid-705841fe_17da459ca88_ce0,4009,1068,2007-07-24,,,,,,,10027755,90001,1,AT90101,1034002,10011137,,1,8012,,,,25619809,d,definitiv,2008-12-10,0, ,342.04998779,2461.45,340469.81,H, ,Normal,Elisabethstraße 16,, ,,16,16,Elisabethstraße,236388042,10053990,10001001,,,,16,,16.0,2.0,1010,1038,1038,,POINT (48.20263060981959 16.36524863020702),1038004009,2.0,G  ,,,,,AT90101,0,1,1,25027373,2008-12-10,0, ,341.37,2461.21,340468.27,
ADRESSENOGD.fid-705841fe_17da459ca88_ce2,4009,1038,2007-07-24,,,,,,,10031552,90001,1,AT90101,1059001,10011278,,1,8012,,,,25680164,d,definitiv,2008-12-10,0, ,305.95999146,3001.47,341847.77,I, ,Normal,Heinrichsgasse 8,, ,,8,8,Heinrichsgasse,236387754,10053935,10001839,,,,8,,8.0,2.0,1010,1891,1891,,POINT (48.21502083372247 16.37252228364164),1891004009,2.0,G  ,,,,,AT90101,0,1,1,25050033,2008-12-10,0, ,44.58,2982.68,341852.4,
ADRESSENOGD.fid-705841fe_17da459ca88_ca1,1009,297,2007-07-24,,,,,,,10024221,90001,1,AT90101,1015003,10011042,,1,8012,,,,25683778,d,definitiv,2008-12-10,0, ,337.47000122,2920.93,340667.03,H, ,Normal,Annagasse 4,, ,,4,4,Annagasse,236381121,10052546,10000194,,,,4,,4.0,2.0,1010,205,205,,POINT (48.20440252205709 16.37143122132119),205001009,2.0,G  ,,,,,AT90101,0,1,1,25111403,2008-12-10,0, ,339.88,2923.39,340670.46,
ADRESSENOGD.fid-705841fe_17da459ca88_c35,2009,285,2015-08-03,,,,,,,10032021,90001,1,AT90101,1016005,10011048,,1,8012,,,,25647409,d,definitiv,2015-08-03,0, ,72.76000214,3014.38,340825.29,H, ,Normal,Himmelpfortgasse 7,, ,,7,7,Himmelpfortgasse,236371558,10052528,10001922,,,,7,,7.0,2.0,1010,1976,1976,,POINT (48.20582538310697 16.37268951707353),1976002009,1.0,G  ,,,,,AT90101,0,1,1,25121620,2008-12-10,0, ,339.31,3007.61,340818.33,
ADRESSENOGD.fid-705841fe_17da459ca88_c99,1019,159359,2010-10-25,,,,,,,18793909,90001,1,AT90101,1034004,10011139,,1,8012,1,,1.0,25625907,d,definitiv,2008-12-10,2,/,342.1499939,2709.57,340420.51,H, ,Normal,Elisabethstraße 6/1,,/1,/1,6,6/1,Elisabethstraße,236382229,10399328,10001001,,,,6,,6.0,2.0,1010,1038,1038,,POINT (48.20218634986176 16.36858630210699),1038001019,2.0,G  ,205846.0,,,,AT90101,0,1,1,25062104,2010-10-25,0, ,342.16,2674.09,340397.04,
ADRESSENOGD.fid-705841fe_17da459ca88_c76,2009,1193,2007-07-24,,,,,,,10032360,90001,1,AT90101,1071001,10011330,,1,8012,6,,6.0,25564772,d,definitiv,2008-12-10,2,/,55.56000137,3007.58,341459.11,I, ,Normal,Hoher Markt 8-9/6,,/6,/6,8-9,8-9/6,Hoher Markt,236377229,10054236,10001994,,9.0,9,8,,8.0,2.0,1010,2049,2049,,POINT (48.21152550664767 16.37260201891234),2049002009,2.0,G  ,207808.0,,,,AT90101,0,1,1,25125131,2008-12-10,1,-,319.81,3009.63,341424.46,
ADRESSENOGD.fid-705841fe_17da459ca88_cd7,2009,1101,2007-07-24,,,,,,,10025162,90001,1,AT90101,1049002,10011230,,1,8012,,,,25670020,d,definitiv,2008-12-10,0, ,41.81000137,1929.84,340779.52,H, ,Normal,Bellariastraße 12,, ,,12,12,Bellariastraße,236388692,10054047,10000390,,,,12,,12.0,2.0,1010,404,404,,POINT (48.20541749061618 16.35809808494568),404002009,2.0,G  ,,,,,AT90101,0,1,1,25124999,2008-12-10,0, ,42.1,1941.36,340787.56,
ADRESSENOGD.fid-705841fe_17da459ca88_ca3,1009,416,2007-07-24,,,,,,,10028272,90001,1,AT90101,1066003,10011312,,1,8012,7,,7.0,25659813,d,definitiv,2008-12-10,2,/,288.20001221,2545.85,341174.79,I, ,Normal,Fahnengasse 2/7,,/7,/7,2,2/7,Fahnengasse,236380907,10052742,10001092,,,,2,,2.0,2.0,1010,1131,1131,,POINT (48.20897035856849 16.36638779515103),1131001009,2.0,G  ,206066.0,,,,AT90101,0,1,1,25117481,2008-12-10,0, ,32.18,2530.87,341223.8,
ADRESSENOGD.fid-705841fe_17da459ca88_c65,3009,990,2007-07-24,,,,,,,10028202,90001,1,AT90101,1052002,10011246,,1,8012,,,,25586825,d,definitiv,2008-12-10,0, ,34.5,2826.68,341955.99,H, ,Normal,Eßlinggasse 13,, ,,13,13,Eßlinggasse,236374196,10053851,10001070,,,,13,,13.0,2.0,1010,1109,1109,,POINT (48.21599479896538 16.37017091617832),1109003009,1.0,G  ,,,,,AT90101,0,1,1,25100195,2008-12-10,0, ,32.36,2828.66,341955.8,
ADRESSENOGD.fid-705841fe_17da459ca88_c23,1009,424,2008-12-19,,,,,,,10028272,90001,1,AT90101,1066002,10011311,,1,8012,,,,25515867,d,definitiv,2008-12-10,0, ,296.79000854,2517.89,341270.57,I, ,Normal,Fahnengasse 1,, ,,1,1,Fahnengasse,236368058,10476597,10001092,,,,1,,1.0,2.0,1010,1131,1131,,POINT (48.20983181106295 16.36601212751351),1131001009,,G  ,,,,,AT90101,0,1,1,25689881,2008-12-19,0, ,32.18,2527.84,341251.18,
ADRESSENOGD.fid-705841fe_17da459ca88_cc8,1009,181490,2007-07-24,,,,,,,10033407,90001,1,AT90101,1037001,10011156,VOR 2 STAENDE,1,8012,,,,25551995,d,definitiv,2008-12-10,0, ,340.91000366,2819.24,340417.13,H, ,Normal,Kärntner Ring VOR 2 STAENDE,, VOR 2 STAENDE,VOR 2 STAENDE,2,VOR 2 STAENDE,Kärntner Ring,236385827,10302183,10002243,,,,2,,2.0,2.0,1010,2302,2302,,POINT (48.20215552679232 16.3700616569323),2302001009,2.0,G  ,,,,,AT90101,0,1,1,25134469,2008-12-10,0, ,341.46,2804.32,340401.1,
ADRESSENOGD.fid-705841fe_17da459ca88_cb0,1019,678,2007-07-24,,,,,,,20110394,90001,1,AT90101,1023001,10011083,,1,8012,,,,25598719,d,definitiv,2008-12-10,0, ,56.11000061,3488.99,341002.07,I, ,Normal,Dr.-Karl-Lueger-Platz 3,, ,,3,3,Dr.-Karl-Lueger-Platz,236384864,10053276,10000836,,,,3,,3.0,1.0,1010,867,867,,POINT (48.20741301026649 16.37907609941265),867001019,1.0,G  ,,,,,AT90101,0,1,1,25103667,2021-10-29,0, ,335.42,3495.85,341003.8,
