FID,ADRESSENOGD.fid-705841fe_17da459ca88_c93,ADRESSENOGD.fid-705841fe_17da459ca88_c61,ADRESSENOGD.fid-705841fe_17da459ca88_c20,ADRESSENOGD.fid-705841fe_17da459ca88_c28,ADRESSENOGD.fid-705841fe_17da459ca88_c92,ADRESSENOGD.fid-705841fe_17da459ca88_cb6,ADRESSENOGD.fid-705841fe_17da459ca88_c85,ADRESSENOGD.fid-705841fe_17da459ca88_c54,ADRESSENOGD.fid-705841fe_17da459ca88_ca8,ADRESSENOGD.fid-705841fe_17da459ca88_c8c,ADRESSENOGD.fid-705841fe_17da459ca88_c79,ADRESSENOGD.fid-705841fe_17da459ca88_c8a,ADRESSENOGD.fid-705841fe_17da459ca88_c3f,ADRESSENOGD.fid-705841fe_17da459ca88_c78,ADRESSENOGD.fid-705841fe_17da459ca88_cba,ADRESSENOGD.fid-705841fe_17da459ca88_c52,ADRESSENOGD.fid-705841fe_17da459ca88_c5e,ADRESSENOGD.fid-705841fe_17da459ca88_c34,ADRESSENOGD.fid-705841fe_17da459ca88_c8d,ADRESSENOGD.fid-705841fe_17da459ca88_cac,ADRESSENOGD.fid-705841fe_17da459ca88_c72,ADRESSENOGD.fid-705841fe_17da459ca88_cbd,ADRESSENOGD.fid-705841fe_17da459ca88_c73,ADRESSENOGD.fid-705841fe_17da459ca88_c1f,ADRESSENOGD.fid-705841fe_17da459ca88_c88,ADRESSENOGD.fid-705841fe_17da459ca88_c86,ADRESSENOGD.fid-705841fe_17da459ca88_ccd,ADRESSENOGD.fid-705841fe_17da459ca88_c8e,ADRESSENOGD.fid-705841fe_17da459ca88_ccc,ADRESSENOGD.fid-705841fe_17da459ca88_c42,ADRESSENOGD.fid-705841fe_17da459ca88_cb5,ADRESSENOGD.fid-705841fe_17da459ca88_cc3,ADRESSENOGD.fid-705841fe_17da459ca88_c62,ADRESSENOGD.fid-705841fe_17da459ca88_c31,ADRESSENOGD.fid-705841fe_17da459ca88_cc1,ADRESSENOGD.fid-705841fe_17da459ca88_ca4,ADRESSENOGD.fid-705841fe_17da459ca88_c4e,ADRESSENOGD.fid-705841fe_17da459ca88_c63,ADRESSENOGD.fid-705841fe_17da459ca88_c9f,ADRESSENOGD.fid-705841fe_17da459ca88_c6a,ADRESSENOGD.fid-705841fe_17da459ca88_c4f,ADRESSENOGD.fid-705841fe_17da459ca88_c90,ADRESSENOGD.fid-705841fe_17da459ca88_c97,ADRESSENOGD.fid-705841fe_17da459ca88_c49,ADRESSENOGD.fid-705841fe_17da459ca88_c6d,ADRESSENOGD.fid-705841fe_17da459ca88_ccb,ADRESSENOGD.fid-705841fe_17da459ca88_ce1,ADRESSENOGD.fid-705841fe_17da459ca88_cab,ADRESSENOGD.fid-705841fe_17da459ca88_cd5,ADRESSENOGD.fid-705841fe_17da459ca88_c38,ADRESSENOGD.fid-705841fe_17da459ca88_ca2,ADRESSENOGD.fid-705841fe_17da459ca88_cd9,ADRESSENOGD.fid-705841fe_17da459ca88_cbc,ADRESSENOGD.fid-705841fe_17da459ca88_c5c,ADRESSENOGD.fid-705841fe_17da459ca88_c1b,ADRESSENOGD.fid-705841fe_17da459ca88_c5d,ADRESSENOGD.fid-705841fe_17da459ca88_c33,ADRESSENOGD.fid-705841fe_17da459ca88_c70,ADRESSENOGD.fid-705841fe_17da459ca88_c5f,ADRESSENOGD.fid-705841fe_17da459ca88_c56,ADRESSENOGD.fid-705841fe_17da459ca88_c24,ADRESSENOGD.fid-705841fe_17da459ca88_c47,ADRESSENOGD.fid-705841fe_17da459ca88_ca5,ADRESSENOGD.fid-705841fe_17da459ca88_cd3,ADRESSENOGD.fid-705841fe_17da459ca88_c4d,ADRESSENOGD.fid-705841fe_17da459ca88_cb9,ADRESSENOGD.fid-705841fe_17da459ca88_c7c,ADRESSENOGD.fid-705841fe_17da459ca88_cdb,ADRESSENOGD.fid-705841fe_17da459ca88_c6f,ADRESSENOGD.fid-705841fe_17da459ca88_cd2,ADRESSENOGD.fid-705841fe_17da459ca88_c67,ADRESSENOGD.fid-705841fe_17da459ca88_c2b,ADRESSENOGD.fid-705841fe_17da459ca88_c32,ADRESSENOGD.fid-705841fe_17da459ca88_cb2,ADRESSENOGD.fid-705841fe_17da459ca88_c3a,ADRESSENOGD.fid-705841fe_17da459ca88_c41,ADRESSENOGD.fid-705841fe_17da459ca88_c2d,ADRESSENOGD.fid-705841fe_17da459ca88_c5a,ADRESSENOGD.fid-705841fe_17da459ca88_c51,ADRESSENOGD.fid-705841fe_17da459ca88_c60,ADRESSENOGD.fid-705841fe_17da459ca88_cd0,ADRESSENOGD.fid-705841fe_17da459ca88_cb8,ADRESSENOGD.fid-705841fe_17da459ca88_c96,ADRESSENOGD.fid-705841fe_17da459ca88_cbf,ADRESSENOGD.fid-705841fe_17da459ca88_c37,ADRESSENOGD.fid-705841fe_17da459ca88_c9b,ADRESSENOGD.fid-705841fe_17da459ca88_cd6,ADRESSENOGD.fid-705841fe_17da459ca88_c3c,ADRESSENOGD.fid-705841fe_17da459ca88_ce0,ADRESSENOGD.fid-705841fe_17da459ca88_ce2,ADRESSENOGD.fid-705841fe_17da459ca88_ca1,ADRESSENOGD.fid-705841fe_17da459ca88_c35,ADRESSENOGD.fid-705841fe_17da459ca88_c99,ADRESSENOGD.fid-705841fe_17da459ca88_c76,ADRESSENOGD.fid-705841fe_17da459ca88_cd7,ADRESSENOGD.fid-705841fe_17da459ca88_ca3,ADRESSENOGD.fid-705841fe_17da459ca88_c65,ADRESSENOGD.fid-705841fe_17da459ca88_c23,ADRESSENOGD.fid-705841fe_17da459ca88_cc8,ADRESSENOGD.fid-705841fe_17da459ca88_cb0
ADRESSENOGD.fid-705841fe_17da459ca88_c93,0.0,251.3,369.4,283.4,157.0,100.6,178.5,101.7,372.0,202.5,414.9,154.7,244.5,413.0,294.3,111.1,119.1,206.9,399.9,328.6,381.4,409.4,184.4,403.5,134.3,227.6,236.0,290.9,116.6,116.5,344.4,317.9,164.9,112.4,129.6,157.6,379.9,165.5,228.4,380.1,382.3,178.5,123.6,124.2,291.1,353.7,271.6,75.4,233.5,220.5,275.1,278.4,190.2,107.5,231.0,350.6,255.9,274.1,428.2,218.3,144.6,218.8,384.4,265.8,154.2,282.3,104.9,339.4,418.7,268.2,346.8,342.5,158.2,242.0,360.8,146.4,384.2,387.8,399.9,231.3,196.4,281.9,57.1,302.1,194.4,262.1,257.2,86.6,287.6,338.2,158.2,118.5,253.6,264.3,319.3,441.0,351.9,419.2,191.3,121.1
ADRESSENOGD.fid-705841fe_17da459ca88_c61,416.2,0.0,176.4,312.9,427.7,374.6,378.3,384.6,266.5,131.6,283.5,425.4,135.7,281.6,458.4,393.3,402.0,372.3,206.9,492.7,276.7,233.6,373.8,152.2,416.5,383.0,400.1,372.4,259.1,259.0,290.3,354.9,378.9,374.8,411.8,233.9,274.4,379.5,157.5,187.1,250.9,378.3,406.5,266.7,436.2,247.5,391.3,358.3,407.1,375.9,439.2,398.1,363.8,367.7,395.1,244.4,85.9,87.5,291.3,391.9,241.7,392.4,203.1,105.6,255.2,427.4,387.8,285.3,281.8,108.0,224.9,242.3,428.9,133.2,299.3,417.1,285.2,256.4,206.9,404.9,385.8,30.6,392.0,105.8,368.0,153.3,148.4,369.5,407.3,86.9,428.9,401.4,398.7,57.3,327.7,304.1,158.9,282.3,336.8,263.6
ADRESSENOGD.fid-705841fe_17da459ca88_c20,316.4,242.7,0.0,173.3,289.7,302.2,238.7,304.0,126.9,199.9,143.9,287.4,204.0,142.0,318.8,312.7,321.4,232.7,30.5,353.1,137.1,72.7,234.2,222.5,335.9,243.4,260.5,232.8,318.2,318.1,150.7,215.3,263.8,314.0,331.2,359.2,134.8,264.4,225.8,52.8,111.3,238.7,325.9,325.8,296.6,105.8,251.7,277.7,267.5,236.3,299.6,258.5,224.2,309.1,255.5,102.7,154.2,164.4,130.4,252.3,346.2,252.8,63.5,173.9,355.8,287.8,307.2,145.7,120.9,176.3,78.3,102.7,290.9,201.5,159.7,279.1,145.6,116.8,30.5,265.3,246.2,201.5,311.4,192.4,228.4,221.6,216.7,288.9,267.7,157.2,290.9,320.8,259.1,147.6,188.1,143.2,97.1,121.4,197.2,322.7
ADRESSENOGD.fid-705841fe_17da459ca88_c28,187.1,323.6,312.4,0.0,160.4,172.9,109.4,174.7,183.8,274.8,226.7,158.1,316.8,224.8,189.5,183.4,192.1,103.4,337.0,223.8,193.2,304.6,104.9,475.8,206.6,114.1,131.2,59.5,188.9,188.8,145.8,130.9,134.5,184.7,201.9,229.9,191.7,135.1,300.7,359.3,194.1,109.4,196.6,196.5,137.2,248.9,78.4,148.4,138.2,107.0,170.3,85.2,94.9,179.8,126.2,245.8,328.2,346.4,323.4,123.0,216.9,123.5,279.6,338.1,226.5,128.4,177.9,140.8,313.9,340.5,242.0,155.5,161.6,314.3,172.6,149.8,196.0,199.6,337.0,136.0,116.9,354.2,182.1,374.4,99.1,334.4,329.5,159.6,94.4,410.5,161.6,191.5,99.7,336.6,132.3,336.2,403.6,314.4,67.9,193.4
ADRESSENOGD.fid-705841fe_17da459ca88_c92,91.1,275.8,327.1,223.7,0.0,125.1,133.9,126.9,312.3,227.0,339.7,62.1,269.0,337.8,204.2,135.6,144.3,116.8,351.7,238.5,321.7,319.3,94.3,428.0,158.8,137.5,145.9,231.2,141.1,141.0,284.7,258.2,120.3,136.9,154.1,182.1,320.2,120.9,252.9,374.0,307.1,133.9,148.8,148.7,231.4,263.6,211.9,100.6,171.5,130.4,185.0,218.7,128.2,132.0,140.9,260.5,280.4,298.6,338.1,156.3,169.1,156.8,294.3,290.3,178.7,222.6,130.1,279.7,328.6,292.7,256.7,282.8,68.1,266.5,301.1,56.3,324.5,312.6,351.7,169.3,106.3,306.4,89.4,326.6,132.4,286.6,281.7,111.8,227.9,362.7,68.1,143.7,193.9,288.8,259.6,350.9,376.4,329.1,101.2,145.6
ADRESSENOGD.fid-705841fe_17da459ca88_cb6,66.3,215.5,333.6,293.4,167.0,0.0,188.5,43.2,382.0,166.7,424.9,164.7,208.7,423.0,304.3,27.4,60.6,216.9,364.1,338.6,391.4,390.8,194.4,367.7,50.6,237.6,246.0,300.9,80.8,80.7,354.4,327.9,174.9,11.8,45.9,121.8,389.9,175.5,192.6,344.3,392.3,188.5,65.1,88.4,301.1,363.7,281.6,40.6,243.5,230.5,285.1,288.4,200.2,6.9,241.0,360.6,220.1,238.3,438.2,228.3,108.8,228.8,360.3,230.0,118.4,292.3,46.4,349.4,428.7,232.4,356.8,352.5,168.2,206.2,370.8,156.4,394.2,397.8,364.1,241.3,206.4,246.1,67.1,266.3,204.4,226.3,221.4,51.8,297.6,302.4,168.2,60.0,263.6,228.5,329.3,451.0,316.1,429.2,201.3,85.3
ADRESSENOGD.fid-705841fe_17da459ca88_c85,156.2,292.7,389.7,257.9,129.5,142.0,0.0,143.8,346.5,243.9,389.4,127.2,285.9,387.5,266.8,152.5,161.2,179.4,414.3,301.1,355.9,381.9,156.9,444.9,175.7,200.1,208.5,265.4,158.0,157.9,318.9,292.4,63.3,153.8,171.0,199.0,354.4,63.9,269.8,421.5,356.8,0.0,165.7,165.6,265.6,326.2,246.1,117.5,55.0,193.0,247.6,252.9,11.7,148.9,203.5,323.1,297.3,315.5,400.7,39.8,186.0,40.3,356.9,307.2,195.6,256.8,147.0,313.9,391.2,309.6,319.3,317.0,130.7,283.4,335.3,118.9,358.7,362.3,414.3,52.8,168.9,323.3,151.2,343.5,15.9,303.5,298.6,128.7,262.1,379.6,130.7,160.6,228.1,305.7,293.8,413.5,393.3,391.7,163.8,162.5
ADRESSENOGD.fid-705841fe_17da459ca88_c54,225.1,324.4,442.5,452.2,325.8,158.8,347.3,0.0,532.6,275.6,549.6,323.5,317.6,547.7,463.1,186.2,17.4,375.7,473.0,497.4,542.8,499.7,353.2,476.6,209.4,396.4,404.8,459.7,189.7,189.6,513.2,486.7,333.7,159.0,123.6,230.7,540.5,334.3,301.5,453.2,517.0,347.3,21.9,197.3,459.9,513.6,440.4,199.4,402.3,389.3,443.9,447.2,359.0,151.9,399.8,510.5,329.0,347.2,557.4,387.1,217.7,387.6,469.2,338.9,227.3,451.1,3.2,508.2,547.9,341.3,491.0,508.4,327.0,315.1,529.6,315.2,551.3,522.5,473.0,400.1,365.2,355.0,225.9,375.2,363.2,335.2,330.3,210.6,456.4,411.3,327.0,16.8,422.4,337.4,488.1,570.2,425.0,548.4,360.1,194.2
ADRESSENOGD.fid-705841fe_17da459ca88_ca8,273.1,409.6,262.4,130.0,246.4,258.9,195.4,260.7,0.0,360.8,55.6,244.1,402.8,53.7,275.5,269.4,278.1,189.4,292.9,309.8,10.2,264.6,190.9,473.1,292.6,200.1,217.2,179.1,274.9,274.8,66.5,145.7,220.5,270.7,287.9,315.9,7.9,221.1,386.7,315.2,26.5,195.4,282.6,282.5,235.1,262.0,205.1,234.4,224.2,193.0,256.3,211.9,180.9,265.8,212.2,258.9,398.5,408.7,322.3,209.0,302.9,209.5,217.6,418.2,312.5,226.3,263.9,61.5,312.8,420.6,239.4,59.4,247.6,400.3,55.6,235.8,18.7,28.5,292.9,222.0,202.9,440.2,268.1,436.7,185.1,420.4,415.5,245.6,221.1,407.8,247.6,277.5,197.6,391.9,85.0,335.1,347.7,313.3,153.9,279.4
ADRESSENOGD.fid-705841fe_17da459ca88_c8c,512.9,175.5,273.1,409.6,524.4,471.3,475.0,481.3,363.2,0.0,380.2,522.1,42.0,378.3,555.1,490.0,498.7,469.0,303.6,589.4,373.4,330.3,470.5,255.9,513.2,479.7,496.8,469.1,355.8,355.7,387.0,451.6,475.6,471.5,508.5,330.6,371.1,476.2,25.9,283.8,347.6,475.0,503.2,363.4,532.9,344.2,488.0,455.0,503.8,472.6,535.9,494.8,460.5,464.4,491.8,341.1,53.4,71.6,388.0,488.6,338.4,489.1,299.8,63.3,351.9,524.1,484.5,382.0,378.5,65.7,321.6,339.0,525.6,39.5,396.0,513.8,381.9,353.1,303.6,501.6,482.5,134.3,488.7,99.6,464.7,59.6,54.7,466.2,504.0,190.6,525.6,498.1,495.4,80.4,424.4,400.8,255.6,379.0,433.5,360.3
ADRESSENOGD.fid-705841fe_17da459ca88_c79,281.1,417.6,269.8,107.4,254.4,266.9,203.4,268.7,47.7,368.8,0.0,252.1,410.8,88.7,283.5,277.4,286.1,197.4,300.3,317.8,57.9,272.0,198.9,480.5,300.6,208.1,225.2,143.8,282.9,282.8,69.3,118.3,225.1,278.7,295.9,323.9,55.6,225.7,394.7,322.6,58.0,203.4,290.6,290.5,199.8,269.4,169.8,242.4,232.2,201.0,264.3,176.6,188.9,273.8,220.2,266.3,405.9,416.1,329.7,217.0,310.9,217.5,225.0,425.6,320.5,191.0,271.9,64.3,320.2,428.0,246.8,76.7,255.6,408.3,42.2,243.8,65.6,63.5,300.3,230.0,210.9,448.2,276.1,444.1,193.1,428.4,423.5,253.6,185.8,415.2,255.6,285.5,162.3,399.3,44.2,342.5,355.1,320.7,161.9,287.4
ADRESSENOGD.fid-705841fe_17da459ca88_c8a,83.8,268.5,319.8,216.4,59.6,117.8,126.6,119.6,305.0,219.7,332.4,0.0,261.7,330.5,196.9,128.3,137.0,109.5,344.4,231.2,314.4,312.0,87.0,420.7,151.5,130.2,138.6,223.9,133.8,133.7,277.4,250.9,113.0,129.6,146.8,174.8,312.9,113.6,245.6,366.7,299.8,126.6,141.5,141.4,224.1,256.3,204.6,93.3,164.2,123.1,177.7,211.4,120.9,124.7,133.6,253.2,273.1,291.3,330.8,149.0,161.8,149.5,287.0,283.0,171.4,215.3,122.8,272.4,321.3,285.4,249.4,275.5,60.8,259.2,293.8,49.0,317.2,305.3,344.4,162.0,99.0,299.1,82.1,319.3,125.1,279.3,274.4,104.5,220.6,355.4,60.8,136.4,186.6,281.5,252.3,343.6,369.1,321.8,93.9,138.3
ADRESSENOGD.fid-705841fe_17da459ca88_c3f,472.9,135.5,233.1,369.6,484.4,431.3,435.0,441.3,323.2,100.3,340.2,482.1,0.0,338.3,515.1,450.0,458.7,429.0,263.6,549.4,333.4,290.3,430.5,215.9,473.2,439.7,456.8,429.1,315.8,315.7,347.0,411.6,435.6,431.5,468.5,290.6,331.1,436.2,126.2,243.8,307.6,435.0,463.2,323.4,492.9,304.2,448.0,415.0,463.8,432.6,495.9,454.8,420.5,424.4,451.8,301.1,54.6,64.8,348.0,448.6,298.4,449.1,259.8,74.3,311.9,484.1,444.5,342.0,338.5,76.7,281.6,299.0,485.6,101.9,356.0,473.8,341.9,313.1,263.6,461.6,442.5,94.3,448.7,92.8,424.7,122.0,117.1,426.2,464.0,150.6,485.6,458.1,455.4,40.4,384.4,360.8,215.6,339.0,393.5,320.3
ADRESSENOGD.fid-705841fe_17da459ca88_c78,283.0,419.5,271.7,109.3,256.3,268.8,205.3,270.6,49.6,370.7,1.9,254.0,412.7,0.0,285.4,279.3,288.0,199.3,302.2,319.7,59.8,273.9,200.8,482.4,302.5,210.0,227.1,145.7,284.8,284.7,71.2,120.2,227.0,280.6,297.8,325.8,57.5,227.6,396.6,324.5,59.9,205.3,292.5,292.4,201.7,271.3,171.7,244.3,234.1,202.9,266.2,178.5,190.8,275.7,222.1,268.2,407.8,418.0,331.6,218.9,312.8,219.4,226.9,427.5,322.4,192.9,273.8,66.2,322.1,429.9,248.7,78.6,257.5,410.2,44.1,245.7,67.5,65.4,302.2,231.9,212.8,450.1,278.0,446.0,195.0,430.3,425.4,255.5,187.7,417.1,257.5,287.4,164.2,401.2,46.1,344.4,357.0,322.6,163.8,289.3
ADRESSENOGD.fid-705841fe_17da459ca88_cba,324.2,436.2,199.4,241.4,297.5,310.0,246.5,311.8,195.0,393.4,212.0,295.2,397.5,210.1,0.0,320.5,329.2,300.8,224.0,110.8,205.2,191.6,198.1,416.0,343.7,241.3,141.9,300.9,326.0,325.9,218.8,283.4,271.6,321.8,339.0,367.0,202.9,272.2,419.3,246.3,179.4,246.5,333.7,333.6,335.2,135.9,315.7,285.5,275.3,234.2,57.3,322.5,232.0,316.9,106.3,132.8,347.7,357.9,210.4,260.1,354.0,260.6,166.6,367.4,363.6,326.4,315.0,213.8,200.9,369.8,129.0,170.8,298.7,395.0,227.8,286.9,213.7,184.9,224.0,273.1,210.1,395.0,319.2,385.9,236.2,415.1,410.2,296.7,331.7,350.7,298.7,328.6,297.7,341.1,256.2,223.2,290.6,201.4,205.0,330.5
ADRESSENOGD.fid-705841fe_17da459ca88_c52,38.9,253.8,371.9,285.9,159.5,103.1,181.0,15.8,374.5,205.0,417.4,157.2,247.0,415.5,296.8,0.0,33.2,209.4,402.4,331.1,383.9,411.9,186.9,406.0,136.8,230.1,238.5,293.4,119.1,119.0,346.9,320.4,167.4,114.9,132.1,160.1,382.4,168.0,230.9,382.6,384.8,181.0,37.7,126.7,293.6,356.2,274.1,77.9,236.0,223.0,277.6,280.9,192.7,110.0,233.5,353.1,258.4,276.6,430.7,220.8,147.1,221.3,386.9,268.3,156.7,284.8,19.0,341.9,421.2,270.7,349.3,345.0,160.7,244.5,363.3,148.9,386.7,390.3,402.4,233.8,198.9,284.4,59.6,304.6,196.9,264.6,259.7,89.1,290.1,340.7,160.7,32.6,256.1,266.8,321.8,443.5,354.4,421.7,193.8,123.6
ADRESSENOGD.fid-705841fe_17da459ca88_c5e,207.7,307.0,425.1,434.8,308.4,141.4,329.9,184.6,515.2,258.2,532.2,306.1,300.2,530.3,445.7,168.8,0.0,358.3,455.6,480.0,525.4,482.3,335.8,459.2,192.0,379.0,387.4,442.3,172.3,172.2,495.8,469.3,316.3,141.6,106.2,213.3,523.1,316.9,284.1,435.8,499.6,329.9,4.5,179.9,442.5,496.2,423.0,182.0,384.9,371.9,426.5,429.8,341.6,134.5,382.4,493.1,311.6,329.8,540.0,369.7,200.3,370.2,451.8,321.5,209.9,433.7,187.8,490.8,530.5,323.9,473.6,491.0,309.6,297.7,512.2,297.8,533.9,505.1,455.6,382.7,347.8,337.6,208.5,357.8,345.8,317.8,312.9,193.2,439.0,393.9,309.6,201.4,405.0,320.0,470.7,552.8,407.6,531.0,342.7,176.8
ADRESSENOGD.fid-705841fe_17da459ca88_c34,209.9,346.4,267.5,213.2,183.2,195.7,132.2,197.5,263.1,297.6,280.1,180.9,339.6,278.2,144.6,206.2,214.9,0.0,292.1,178.9,273.3,259.7,83.8,484.1,229.4,127.0,86.3,220.7,211.7,211.6,274.2,247.7,157.3,207.5,224.7,252.7,271.0,157.9,323.5,314.4,247.5,132.2,219.4,219.3,220.9,204.0,201.4,171.2,161.0,119.9,125.4,208.2,117.7,202.6,81.3,200.9,351.0,369.2,278.5,145.8,239.7,146.3,234.7,360.9,249.3,212.1,200.7,269.2,269.0,363.3,197.1,238.9,184.4,337.1,290.6,172.6,281.8,253.0,292.1,158.8,95.8,377.0,204.9,397.2,121.9,357.2,352.3,182.4,217.4,418.8,184.4,214.3,183.4,359.4,249.1,291.3,358.7,269.5,90.7,216.2
ADRESSENOGD.fid-705841fe_17da459ca88_c8d,347.1,212.2,67.5,204.0,320.4,332.9,269.4,334.7,157.6,169.4,174.6,318.1,173.5,172.7,349.5,343.4,352.1,263.4,0.0,383.8,167.8,124.7,264.9,192.0,366.6,274.1,291.2,263.5,348.9,348.8,181.4,246.0,294.5,344.7,361.9,367.3,165.5,295.1,195.3,54.8,142.0,269.4,356.6,356.5,327.3,138.6,282.4,308.4,298.2,267.0,330.3,289.2,254.9,339.8,286.2,135.5,123.7,133.9,182.4,283.0,375.1,283.5,94.2,143.4,386.5,318.5,337.9,176.4,172.9,145.8,116.0,133.4,321.6,171.0,190.4,309.8,176.3,147.5,0.0,296.0,276.9,171.0,342.1,161.9,259.1,191.1,186.2,319.6,298.4,126.7,321.6,351.5,289.8,117.1,218.8,195.2,66.6,173.4,227.9,353.4
ADRESSENOGD.fid-705841fe_17da459ca88_cac,285.0,421.5,288.5,288.3,258.3,270.8,207.3,272.6,284.1,372.7,301.1,256.0,414.7,299.2,165.6,281.3,290.0,303.9,313.1,0.0,294.3,280.7,158.9,505.1,304.5,202.1,102.7,295.8,286.8,286.7,307.9,322.8,232.4,282.6,299.8,327.8,292.0,233.0,398.6,335.4,268.5,207.3,294.5,294.4,296.0,225.0,276.5,246.3,236.1,195.0,146.4,283.3,192.8,277.7,67.1,221.9,426.1,444.3,299.5,220.9,314.8,221.4,255.7,436.0,324.4,287.2,275.8,302.9,290.0,438.4,218.1,259.9,259.5,412.2,316.9,247.7,302.8,274.0,313.1,233.9,170.9,452.1,280.0,472.3,197.0,432.3,427.4,257.5,292.5,439.8,259.5,289.4,258.5,430.2,324.2,312.3,379.7,290.5,165.8,291.3
ADRESSENOGD.fid-705841fe_17da459ca88_c72,283.2,419.7,263.4,140.1,256.5,269.0,205.5,270.8,10.1,370.9,56.6,254.2,412.9,54.7,285.6,279.5,288.2,199.5,293.9,319.9,0.0,265.6,201.0,474.1,302.7,210.2,227.3,189.2,285.0,284.9,76.6,155.8,230.6,280.8,298.0,326.0,16.8,231.2,396.8,316.2,31.4,205.5,292.7,292.6,245.2,263.0,215.2,244.5,234.3,203.1,266.4,222.0,191.0,275.9,222.3,259.9,399.5,409.7,323.3,219.1,313.0,219.6,218.6,419.2,322.6,236.4,274.0,71.6,313.8,421.6,240.4,69.5,257.7,410.4,65.7,245.9,19.7,29.5,293.9,232.1,213.0,446.8,278.2,437.7,195.2,430.5,425.6,255.7,231.2,408.8,257.7,287.6,207.7,392.9,95.1,336.1,348.7,314.3,164.0,289.5
ADRESSENOGD.fid-705841fe_17da459ca88_cbd,355.2,288.4,113.5,212.1,328.5,341.0,277.5,342.8,165.7,245.6,182.7,326.2,249.7,180.8,357.6,351.5,360.2,271.5,138.1,391.9,175.9,0.0,273.0,317.9,374.7,282.2,299.3,271.6,357.0,356.9,189.5,254.1,302.6,352.8,370.0,398.0,173.6,303.2,271.5,127.7,150.1,277.5,364.7,364.6,335.4,72.8,290.5,316.5,306.3,275.1,338.4,297.3,263.0,347.9,294.3,75.9,199.9,210.1,57.7,291.1,385.0,291.6,136.9,219.6,394.6,326.6,346.0,184.5,48.2,222.0,100.4,141.5,329.7,247.2,198.5,317.9,184.4,155.6,138.1,304.1,285.0,247.2,350.2,238.1,267.2,267.3,262.4,327.7,306.5,252.6,329.7,359.6,297.9,193.3,226.9,70.5,192.5,48.7,236.0,361.5
ADRESSENOGD.fid-705841fe_17da459ca88_c73,135.4,273.4,368.9,238.6,108.7,122.7,59.2,124.5,327.2,224.6,370.1,106.4,266.6,368.2,246.0,133.2,141.9,158.6,393.5,280.3,336.6,361.1,0.0,425.6,156.4,43.2,187.7,246.1,138.7,138.6,299.6,273.1,81.4,134.5,151.7,179.7,335.1,82.0,250.5,402.2,337.5,59.2,146.4,146.3,246.3,305.4,226.8,98.2,80.4,36.1,226.8,233.6,37.1,129.6,182.7,302.3,278.0,296.2,379.9,65.2,166.7,65.7,336.1,287.9,176.3,237.5,127.7,294.6,370.4,290.3,298.5,297.7,109.9,264.1,316.0,98.1,339.4,343.0,393.5,78.2,12.0,304.0,129.1,324.2,41.3,284.2,279.3,109.4,242.8,360.3,109.9,141.3,208.8,286.4,274.5,392.7,374.0,370.9,143.0,143.2
ADRESSENOGD.fid-705841fe_17da459ca88_c1f,470.0,132.6,230.2,366.7,481.5,428.4,432.1,438.4,320.3,187.9,337.3,479.2,192.0,335.4,512.2,447.1,455.8,426.1,260.7,546.5,330.5,287.4,427.6,0.0,470.3,436.8,453.9,426.2,312.9,312.8,344.1,408.7,432.7,428.6,465.6,287.7,328.2,433.3,213.8,240.9,304.7,432.1,460.3,320.5,490.0,301.3,445.1,412.1,460.9,429.7,493.0,451.9,417.6,421.5,448.9,298.2,142.2,143.8,345.1,445.7,295.5,446.2,256.9,161.9,309.0,481.2,441.6,339.1,335.6,164.3,278.7,296.1,482.7,189.5,353.1,470.9,339.0,310.2,260.7,458.7,439.6,97.3,445.8,162.1,421.8,209.6,204.7,423.3,461.1,33.5,482.7,455.2,452.5,113.6,381.5,357.9,212.7,336.1,390.6,317.4
ADRESSENOGD.fid-705841fe_17da459ca88_c88,181.6,280.9,399.0,408.7,282.3,115.3,303.8,158.5,489.1,232.1,506.1,280.0,274.1,504.2,419.6,142.7,175.9,332.2,429.5,453.9,499.3,456.2,309.7,433.1,0.0,352.9,361.3,416.2,146.2,146.1,469.7,443.2,290.2,115.5,80.1,187.2,497.0,290.8,258.0,409.7,473.5,303.8,180.4,153.8,416.4,470.1,396.9,155.9,358.8,345.8,400.4,403.7,315.5,108.4,356.3,467.0,285.5,303.7,513.9,343.6,174.2,344.1,425.7,295.4,183.8,407.6,161.7,464.7,504.4,297.8,447.5,464.9,283.5,271.6,486.1,271.7,507.8,479.0,429.5,356.6,321.7,311.5,182.4,331.7,319.7,291.7,286.8,167.1,412.9,367.8,283.5,175.3,378.9,293.9,444.6,526.7,381.5,504.9,316.6,150.7
ADRESSENOGD.fid-705841fe_17da459ca88_c86,92.2,241.4,325.7,204.4,65.5,90.7,99.5,92.5,293.0,192.6,335.9,63.2,234.6,334.0,202.8,101.2,109.9,115.4,350.3,237.1,302.4,317.9,92.9,393.6,124.4,0.0,144.5,211.9,106.7,106.6,265.4,238.9,85.9,102.5,119.7,147.7,300.9,86.5,218.5,370.2,303.3,99.5,114.4,114.3,212.1,262.2,192.6,66.2,154.5,129.0,183.6,199.4,111.2,97.6,139.5,259.1,246.0,264.2,336.7,139.3,134.7,139.8,292.9,255.9,144.3,203.3,95.7,260.4,327.2,258.3,255.3,263.5,66.7,232.1,281.8,54.9,305.2,308.8,350.3,152.3,104.9,272.0,85.9,292.2,115.4,252.2,247.3,77.4,208.6,328.3,66.7,109.3,174.6,254.4,240.3,349.5,342.0,327.7,99.8,111.2
ADRESSENOGD.fid-705841fe_17da459ca88_ccd,199.4,335.9,259.6,202.7,172.7,185.2,121.7,187.0,255.2,287.1,272.2,170.4,329.1,270.3,136.7,195.7,204.4,218.3,284.2,171.0,265.4,251.8,73.3,476.2,218.9,116.5,0.0,210.2,201.2,201.1,263.7,237.2,146.8,197.0,214.2,242.2,263.1,147.4,313.0,306.5,239.6,121.7,208.9,208.8,210.4,196.1,190.9,160.7,150.5,109.4,117.5,197.7,107.2,192.1,73.4,193.0,340.5,358.7,270.6,135.3,229.2,135.8,226.8,350.4,238.8,201.6,190.2,258.7,261.1,352.8,189.2,231.0,173.9,326.6,280.1,162.1,273.9,245.1,284.2,148.3,85.3,366.5,194.4,386.7,111.4,346.7,341.8,171.9,206.9,410.9,173.9,203.8,172.9,348.9,238.6,283.4,350.8,261.6,80.2,205.7
ADRESSENOGD.fid-705841fe_17da459ca88_c8e,192.6,329.1,317.9,56.6,165.9,178.4,114.9,180.2,179.9,280.3,222.8,163.6,322.3,220.9,195.0,188.9,197.6,108.9,342.5,229.3,189.3,310.1,110.4,481.3,212.1,119.6,136.7,0.0,194.4,194.3,141.9,128.3,140.0,190.2,207.4,235.4,187.8,140.6,306.2,364.8,190.2,114.9,202.1,202.0,133.3,254.4,74.5,153.9,143.7,112.5,175.8,81.3,100.4,185.3,131.7,251.3,333.7,351.9,328.9,128.5,222.4,129.0,285.1,343.6,232.0,124.5,183.4,136.9,319.4,346.0,247.5,152.9,167.1,319.8,168.7,155.3,192.1,195.7,342.5,141.5,122.4,359.7,187.6,379.9,104.6,339.9,335.0,165.1,90.5,416.0,167.1,197.0,95.8,342.1,129.7,341.7,409.1,319.9,73.4,198.9
ADRESSENOGD.fid-705841fe_17da459ca88_ccc,181.8,208.8,326.9,408.9,282.5,115.5,304.0,158.7,417.0,85.9,434.0,280.2,127.9,432.1,419.8,142.9,176.1,332.4,357.4,454.1,427.2,384.1,309.9,341.8,166.1,353.1,361.5,416.4,0.0,99.2,440.8,443.4,290.4,115.7,159.8,97.8,424.9,291.0,111.8,337.6,401.4,304.0,180.6,7.6,416.6,398.0,397.1,156.1,359.0,346.0,400.6,403.9,315.7,108.6,356.5,394.9,139.3,157.5,441.8,343.8,105.6,344.3,353.6,149.2,37.6,407.8,161.9,435.8,432.3,151.6,375.4,392.8,283.7,125.4,449.8,271.9,435.7,406.9,357.4,356.8,321.9,220.2,182.6,185.5,319.9,145.5,140.6,167.3,413.1,276.5,283.7,175.5,379.1,166.3,444.8,454.6,309.4,432.8,316.8,4.5
ADRESSENOGD.fid-705841fe_17da459ca88_c42,181.9,208.9,327.0,409.0,282.6,115.6,304.1,158.8,417.1,86.0,434.1,280.3,128.0,432.2,419.9,143.0,176.2,332.5,357.5,454.2,427.3,384.2,310.0,341.9,166.2,353.2,361.6,416.5,0.1,0.0,440.9,443.5,290.5,115.8,159.9,97.9,425.0,291.1,111.9,337.7,401.5,304.1,180.7,7.7,416.7,398.1,397.2,156.2,359.1,346.1,400.7,404.0,315.8,108.7,356.6,395.0,139.4,157.6,441.9,343.9,105.7,344.4,353.7,149.3,37.7,407.9,162.0,435.9,432.4,151.7,375.5,392.9,283.8,125.5,449.9,272.0,435.8,407.0,357.5,356.9,322.0,220.3,182.7,185.6,320.0,145.6,140.7,167.4,413.2,276.6,283.8,175.6,379.2,166.4,444.9,454.7,309.5,432.9,316.9,4.6
ADRESSENOGD.fid-705841fe_17da459ca88_cb5,266.6,403.1,317.2,102.2,239.9,252.4,188.9,254.2,77.4,354.3,120.3,237.6,396.3,118.4,269.0,262.9,271.6,182.9,347.7,303.3,86.8,319.4,184.4,527.9,286.1,193.6,210.7,138.6,268.4,268.3,0.0,105.2,214.0,264.2,281.4,309.4,85.3,214.6,380.2,370.0,87.7,188.9,276.1,276.0,194.6,316.8,164.6,227.9,217.7,186.5,249.8,171.4,174.4,259.3,205.7,313.7,407.7,425.9,377.1,202.5,296.4,203.0,272.4,417.6,306.0,185.8,257.4,5.0,367.6,420.0,294.2,52.9,241.1,393.8,66.2,229.3,89.6,93.2,347.7,215.5,196.4,433.7,261.6,453.9,178.6,413.9,409.0,239.1,180.6,462.6,241.1,271.0,157.1,416.1,101.2,389.9,402.5,368.1,147.4,272.9
ADRESSENOGD.fid-705841fe_17da459ca88_cc3,238.3,374.8,293.9,95.2,211.6,224.1,160.6,225.9,54.1,326.0,97.0,209.3,368.0,95.1,240.7,234.6,243.3,154.6,324.4,275.0,63.5,296.1,156.1,504.6,257.8,165.3,182.4,149.0,240.1,240.0,36.4,0.0,185.7,235.9,253.1,281.1,62.0,186.3,351.9,346.7,64.4,160.6,247.8,247.7,205.0,293.5,173.6,199.6,189.4,158.2,221.5,180.4,146.1,231.0,177.4,290.4,379.4,397.6,353.8,174.2,268.1,174.7,249.1,389.3,277.7,196.2,229.1,31.4,344.3,391.7,270.9,24.6,212.8,365.5,42.9,201.0,66.3,69.9,324.4,187.2,168.1,405.4,233.3,425.6,150.3,385.6,380.7,210.8,189.6,439.3,212.8,242.7,167.5,387.8,77.9,366.6,379.2,344.8,119.1,244.6
ADRESSENOGD.fid-705841fe_17da459ca88_c62,118.6,255.1,352.1,220.3,91.9,104.4,13.6,106.2,308.9,206.3,351.8,89.6,248.3,349.9,229.2,114.9,123.6,141.8,376.7,263.5,318.3,344.3,119.3,407.3,138.1,162.5,170.9,227.8,120.4,120.3,281.3,254.8,0.0,116.2,133.4,161.4,316.8,0.6,232.2,383.9,319.2,13.6,128.1,128.0,228.0,288.6,208.5,79.9,68.6,155.4,210.0,215.3,25.3,111.3,165.9,285.5,259.7,277.9,363.1,53.4,148.4,53.9,319.3,269.6,158.0,219.2,109.4,276.3,353.6,272.0,281.7,279.4,93.1,245.8,297.7,81.3,321.1,324.7,376.7,66.4,131.3,285.7,113.6,305.9,29.5,265.9,261.0,91.1,224.5,342.0,93.1,123.0,190.5,268.1,256.2,375.9,355.7,354.1,126.2,124.9
ADRESSENOGD.fid-705841fe_17da459ca88_c31,74.8,220.2,338.3,301.9,175.5,8.5,197.0,51.7,390.5,171.4,433.4,173.2,213.4,431.5,312.8,35.9,69.1,225.4,368.8,347.1,399.9,395.5,202.9,372.4,59.1,246.1,254.5,309.4,85.5,85.4,362.9,336.4,183.4,0.0,54.4,126.5,398.4,184.0,197.3,349.0,400.8,197.0,73.6,93.1,309.6,372.2,290.1,49.1,252.0,239.0,293.6,296.9,208.7,10.4,249.5,369.1,224.8,243.0,446.7,236.8,113.5,237.3,365.0,234.7,123.1,300.8,54.9,357.9,437.2,237.1,365.3,361.0,176.7,210.9,379.3,164.9,402.7,406.3,368.8,249.8,214.9,250.8,75.6,271.0,212.9,231.0,226.1,60.3,306.1,307.1,176.7,68.5,272.1,233.2,337.8,459.5,320.8,437.7,209.8,90.0
ADRESSENOGD.fid-705841fe_17da459ca88_cc1,101.5,200.8,318.9,328.6,202.2,35.2,223.7,78.4,409.0,152.0,426.0,199.9,194.0,424.1,339.5,62.6,95.8,252.1,349.4,373.8,419.2,376.1,229.6,353.0,85.8,272.8,281.2,336.1,66.1,66.0,389.6,363.1,210.1,35.4,0.0,107.1,416.9,210.7,177.9,329.6,393.4,223.7,100.3,73.7,336.3,390.0,316.8,75.8,278.7,265.7,320.3,323.6,235.4,28.3,276.2,386.9,205.4,223.6,433.8,263.5,94.1,264.0,345.6,215.3,103.7,327.5,81.6,384.6,424.3,217.7,367.4,384.8,203.4,191.5,406.0,191.6,427.7,398.9,349.4,276.5,241.6,231.4,102.3,251.6,239.6,211.6,206.7,87.0,332.8,287.7,203.4,95.2,298.8,213.8,364.5,446.6,301.4,424.8,236.5,70.6
ADRESSENOGD.fid-705841fe_17da459ca88_ca4,318.5,111.0,229.1,365.6,340.1,252.2,304.9,295.4,319.2,150.3,336.2,337.8,187.9,334.3,477.4,279.6,312.8,390.0,259.6,511.7,329.4,286.3,367.5,263.2,302.8,410.7,419.1,417.3,136.7,136.6,343.0,407.6,291.3,252.4,296.5,0.0,327.1,291.9,176.2,239.8,303.6,304.9,317.3,144.3,417.5,300.2,398.0,270.7,359.9,403.6,458.2,404.8,316.6,245.3,414.1,297.1,147.9,154.2,344.0,344.7,81.3,345.2,255.8,157.8,94.8,408.7,298.6,338.0,334.5,160.2,277.6,295.0,341.3,185.4,352.0,329.5,337.9,309.1,259.6,357.7,379.5,141.6,304.4,172.5,320.8,205.5,200.6,281.9,414.0,197.9,341.3,312.2,380.0,124.0,380.4,356.8,211.6,335.0,374.4,141.2
ADRESSENOGD.fid-705841fe_17da459ca88_c4e,281.0,417.5,258.4,137.9,254.3,266.8,203.3,268.6,7.9,368.7,51.6,252.0,410.7,49.7,283.4,277.3,286.0,197.3,288.9,317.7,16.6,260.6,198.8,469.1,300.5,208.0,225.1,187.0,282.8,282.7,74.4,153.6,228.4,278.6,295.8,323.8,0.0,229.0,394.6,311.2,26.4,203.3,290.5,290.4,243.0,258.0,213.0,242.3,232.1,200.9,264.2,219.8,188.8,273.7,220.1,254.9,394.5,404.7,318.3,216.9,310.8,217.4,213.6,414.2,320.4,234.2,271.8,69.4,308.8,416.6,235.4,67.3,255.5,408.2,63.5,243.7,14.7,24.5,288.9,229.9,210.8,441.8,276.0,432.7,193.0,428.3,423.4,253.5,229.0,403.8,255.5,285.4,205.5,387.9,92.9,331.1,343.7,309.3,161.8,287.3
ADRESSENOGD.fid-705841fe_17da459ca88_c63,118.0,254.5,351.5,219.7,91.3,103.8,13.0,105.6,308.3,205.7,351.2,89.0,247.7,349.3,228.6,114.3,123.0,141.2,376.1,262.9,317.7,343.7,118.7,406.7,137.5,161.9,170.3,227.2,119.8,119.7,280.7,254.2,45.7,115.6,132.8,160.8,316.2,0.0,231.6,383.3,318.6,13.0,127.5,127.4,227.4,288.0,207.9,79.3,68.0,154.8,209.4,214.7,24.7,110.7,165.3,284.9,259.1,277.3,362.5,52.8,147.8,53.3,318.7,269.0,157.4,218.6,108.8,275.7,353.0,271.4,281.1,278.8,92.5,245.2,297.1,80.7,320.5,324.1,376.1,65.8,130.7,285.1,113.0,305.3,28.9,265.3,260.4,90.5,223.9,341.4,92.5,122.4,189.9,267.5,255.6,375.3,355.1,353.5,125.6,124.3
ADRESSENOGD.fid-705841fe_17da459ca88_c9f,491.9,154.5,252.1,388.6,503.4,450.3,454.0,460.3,342.2,61.5,359.2,501.1,67.5,357.3,534.1,469.0,477.7,448.0,282.6,568.4,352.4,309.3,449.5,234.9,492.2,458.7,475.8,448.1,334.8,334.7,366.0,430.6,454.6,450.5,487.5,309.6,350.1,455.2,0.0,262.8,326.6,454.0,482.2,342.4,511.9,323.2,467.0,434.0,482.8,451.6,514.9,473.8,439.5,443.4,470.8,320.1,27.5,45.7,367.0,467.6,317.4,468.1,278.8,37.4,330.9,503.1,463.5,361.0,357.5,39.8,300.6,318.0,504.6,65.0,375.0,492.8,360.9,332.1,282.6,480.6,461.5,113.3,467.7,73.7,443.7,85.1,80.2,445.2,483.0,169.6,504.6,477.1,474.4,59.4,403.4,379.8,234.6,358.0,412.5,339.3
ADRESSENOGD.fid-705841fe_17da459ca88_c6a,343.6,214.5,64.0,200.5,316.9,329.4,265.9,331.2,154.1,171.7,171.1,314.6,175.8,169.2,346.0,339.9,348.6,259.9,94.5,380.3,164.3,121.2,261.4,194.3,363.1,270.6,287.7,260.0,345.4,345.3,177.9,242.5,291.0,341.2,358.4,369.6,162.0,291.6,197.6,0.0,138.5,265.9,353.1,353.0,323.8,135.1,278.9,304.9,294.7,263.5,326.8,285.7,251.4,336.3,282.7,132.0,126.0,136.2,178.9,279.5,373.4,280.0,90.7,145.7,383.0,315.0,334.4,172.9,169.4,148.1,112.5,129.9,318.1,173.3,186.9,306.3,172.8,144.0,94.5,292.5,273.4,173.3,338.6,164.2,255.6,193.4,188.5,316.1,294.9,129.0,318.1,348.0,286.3,119.4,215.3,191.7,68.9,169.9,224.4,349.9
ADRESSENOGD.fid-705841fe_17da459ca88_c4f,263.4,399.9,239.4,120.3,236.7,249.2,185.7,251.0,32.7,351.1,32.6,234.4,393.1,30.7,265.8,259.7,268.4,179.7,269.9,300.1,42.9,241.6,181.2,450.1,282.9,190.4,207.5,176.4,265.2,265.1,76.4,150.9,210.8,261.0,278.2,306.2,40.6,211.4,377.0,292.2,0.0,185.7,272.9,272.8,232.4,239.0,198.7,224.7,214.5,183.3,246.6,205.5,171.2,256.1,202.5,235.9,375.5,385.7,299.3,199.3,293.2,199.8,194.6,395.2,302.8,223.6,254.2,71.4,289.8,397.6,216.4,49.7,237.9,390.6,65.5,226.1,51.4,5.5,269.9,212.3,193.2,422.8,258.4,413.7,175.4,410.7,405.8,235.9,214.7,384.8,237.9,267.8,194.9,368.9,76.8,312.1,324.7,290.3,144.2,269.7
ADRESSENOGD.fid-705841fe_17da459ca88_c90,156.2,292.7,389.7,257.9,129.5,142.0,0.0,143.8,346.5,243.9,389.4,127.2,285.9,387.5,266.8,152.5,161.2,179.4,414.3,301.1,355.9,381.9,156.9,444.9,175.7,200.1,208.5,265.4,158.0,157.9,318.9,292.4,63.3,153.8,171.0,199.0,354.4,63.9,269.8,421.5,356.8,0.0,165.7,165.6,265.6,326.2,246.1,117.5,55.0,193.0,247.6,252.9,11.7,148.9,203.5,323.1,297.3,315.5,400.7,39.8,186.0,40.3,356.9,307.2,195.6,256.8,147.0,313.9,391.2,309.6,319.3,317.0,130.7,283.4,335.3,118.9,358.7,362.3,414.3,52.8,168.9,323.3,151.2,343.5,15.9,303.5,298.6,128.7,262.1,379.6,130.7,160.6,228.1,305.7,293.8,413.5,393.3,391.7,163.8,162.5
ADRESSENOGD.fid-705841fe_17da459ca88_c97,203.3,302.6,420.7,430.4,304.0,137.0,325.5,180.2,510.8,253.8,527.8,301.7,295.8,525.9,441.3,164.4,197.6,353.9,451.2,475.6,521.0,477.9,331.4,454.8,187.6,374.6,383.0,437.9,167.9,167.8,491.4,464.9,311.9,137.2,101.8,208.9,518.7,312.5,279.7,431.4,495.2,325.5,0.0,175.5,438.1,491.8,418.6,177.6,380.5,367.5,422.1,425.4,337.2,130.1,378.0,488.7,307.2,325.4,535.6,365.3,195.9,365.8,447.4,317.1,205.5,429.3,183.4,486.4,526.1,319.5,469.2,486.6,305.2,293.3,507.8,293.4,529.5,500.7,451.2,378.3,343.4,333.2,204.1,353.4,341.4,313.4,308.5,188.8,434.6,389.5,305.2,197.0,400.6,315.6,466.3,548.4,403.2,526.6,338.3,172.4
ADRESSENOGD.fid-705841fe_17da459ca88_c49,174.2,201.2,319.3,401.3,274.9,107.9,296.4,151.1,409.4,78.3,426.4,272.6,120.3,424.5,412.2,135.3,168.5,324.8,349.8,446.5,419.6,376.5,302.3,334.2,158.5,345.5,353.9,408.8,91.7,91.6,433.2,435.8,282.8,108.1,152.2,90.2,417.3,283.4,104.2,330.0,393.8,296.4,173.0,0.0,409.0,390.4,389.5,148.5,351.4,338.4,393.0,396.3,308.1,101.0,348.9,387.3,131.7,149.9,434.2,336.2,98.0,336.7,346.0,141.6,30.0,400.2,154.3,428.2,424.7,144.0,367.8,385.2,276.1,117.8,442.2,264.3,428.1,399.3,349.8,349.2,314.3,212.6,175.0,177.9,312.3,137.9,133.0,159.7,405.5,268.9,276.1,167.9,371.5,158.7,437.2,447.0,301.8,425.2,309.2,96.2
ADRESSENOGD.fid-705841fe_17da459ca88_c6d,160.0,296.5,278.0,93.3,133.3,145.8,82.3,147.6,227.2,247.7,270.1,131.0,289.7,268.2,155.1,156.3,165.0,69.0,302.6,189.4,236.6,270.2,77.8,448.7,179.5,87.0,96.8,72.2,161.8,161.7,199.6,173.1,107.4,157.6,174.8,202.8,235.1,108.0,273.6,324.9,237.5,82.3,169.5,169.4,0.0,214.5,139.0,121.3,111.1,79.9,135.9,145.8,67.8,152.7,91.8,211.4,301.1,319.3,289.0,95.9,189.8,96.4,245.2,311.0,199.4,52.3,150.8,194.6,279.5,313.4,207.6,197.7,134.5,287.2,216.0,122.7,239.4,243.0,302.6,108.9,89.8,327.1,155.0,347.3,72.0,307.3,302.4,132.5,155.0,383.4,134.5,164.4,23.6,309.5,174.5,301.8,369.2,280.0,40.8,166.3
ADRESSENOGD.fid-705841fe_17da459ca88_ccb,282.4,305.2,99.1,139.3,255.7,268.2,204.7,270.0,92.9,262.4,109.9,253.4,266.5,108.0,284.8,278.7,287.4,198.7,123.7,319.1,103.1,91.3,200.2,315.7,301.9,209.4,226.5,198.8,284.2,284.1,116.7,181.3,229.8,280.0,297.2,325.2,100.8,230.4,288.3,144.5,77.3,204.7,291.9,291.8,262.6,0.0,217.7,243.7,233.5,202.3,265.6,224.5,190.2,275.1,221.5,3.1,216.7,226.9,74.5,218.3,312.2,218.8,66.3,236.4,321.8,253.8,273.2,111.7,65.0,238.8,28.7,68.7,256.9,264.0,125.7,245.1,111.6,82.8,123.7,231.3,212.2,264.0,277.4,254.9,194.4,284.1,279.2,254.9,233.7,250.4,256.9,286.8,225.1,210.1,154.1,87.3,190.3,65.5,163.2,288.7
ADRESSENOGD.fid-705841fe_17da459ca88_ce1,222.7,359.2,348.0,86.7,196.0,208.5,145.0,210.3,210.0,310.4,252.9,193.7,352.4,251.0,225.1,219.0,227.7,139.0,372.6,259.4,219.4,340.2,140.5,511.4,242.2,149.7,166.8,30.1,224.5,224.4,172.0,158.4,170.1,220.3,237.5,265.5,217.9,170.7,336.3,394.9,220.3,145.0,232.2,232.1,163.4,284.5,0.0,184.0,173.8,142.6,205.9,111.4,130.5,215.4,161.8,281.4,363.8,382.0,359.0,158.6,252.5,159.1,315.2,373.7,262.1,154.6,213.5,167.0,349.5,376.1,277.6,183.0,197.2,349.9,198.8,185.4,222.2,225.8,372.6,171.6,152.5,389.8,217.7,410.0,134.7,370.0,365.1,195.2,16.0,446.1,197.2,227.1,125.9,372.2,159.8,371.8,439.2,350.0,103.5,229.0
ADRESSENOGD.fid-705841fe_17da459ca88_cab,57.9,237.8,355.9,278.9,152.5,25.4,174.0,26.3,367.5,189.0,410.4,150.2,231.0,408.5,289.8,43.5,43.7,202.4,386.4,324.1,376.9,404.9,179.9,390.0,66.7,223.1,231.5,286.4,103.1,103.0,339.9,313.4,160.4,37.2,62.0,144.1,375.4,161.0,214.9,366.6,377.8,174.0,48.2,110.7,286.6,349.2,267.1,0.0,229.0,216.0,270.6,273.9,185.7,32.3,226.5,346.1,242.4,260.6,423.7,213.8,131.1,214.3,379.9,252.3,140.7,277.8,29.5,334.9,414.2,254.7,342.3,338.0,153.7,228.5,356.3,141.9,379.7,383.3,386.4,226.8,191.9,268.4,52.6,288.6,189.9,248.6,243.7,11.2,283.1,324.7,153.7,43.1,249.1,250.8,314.8,436.5,338.4,414.7,186.8,107.6
ADRESSENOGD.fid-705841fe_17da459ca88_cd5,138.0,274.5,371.5,239.7,111.3,123.8,40.2,125.6,328.3,225.7,371.2,109.0,267.7,369.3,248.6,134.3,143.0,161.2,396.1,282.9,337.7,363.7,138.7,426.7,157.5,181.9,190.3,247.2,139.8,139.7,300.7,274.2,45.1,135.6,152.8,180.8,336.2,45.7,251.6,403.3,338.6,40.2,147.5,147.4,247.4,308.0,227.9,99.3,0.0,174.8,229.4,234.7,51.9,130.7,185.3,304.9,279.1,297.3,382.5,80.0,167.8,80.5,338.7,289.0,177.4,238.6,128.8,295.7,373.0,291.4,301.1,298.8,112.5,265.2,317.1,100.7,340.5,344.1,396.1,93.0,150.7,305.1,133.0,325.3,56.1,285.3,280.4,110.5,243.9,361.4,112.5,142.4,209.9,287.5,275.6,395.3,375.1,373.5,145.6,144.3
ADRESSENOGD.fid-705841fe_17da459ca88_c38,99.3,248.5,332.8,211.5,72.6,97.8,106.6,99.6,300.1,199.7,343.0,70.3,241.7,341.1,209.9,108.3,117.0,122.5,357.4,244.2,309.5,325.0,100.0,400.7,131.5,7.1,151.6,219.0,113.8,113.7,272.5,246.0,93.0,109.6,126.8,154.8,308.0,93.6,225.6,377.3,310.4,106.6,121.5,121.4,219.2,269.3,199.7,73.3,161.6,0.0,190.7,206.5,118.3,104.7,146.6,266.2,253.1,271.3,343.8,146.4,141.8,146.9,300.0,263.0,151.4,210.4,102.8,267.5,334.3,265.4,262.4,270.6,73.8,239.2,288.9,62.0,312.3,315.9,357.4,159.4,112.0,279.1,93.0,299.3,122.5,259.3,254.4,84.5,215.7,335.4,73.8,116.4,181.7,261.5,247.4,356.6,349.1,334.8,106.9,118.3
ADRESSENOGD.fid-705841fe_17da459ca88_ca2,285.4,421.9,252.2,288.7,258.7,271.2,207.7,273.0,247.8,373.1,264.8,256.4,415.1,262.9,129.3,281.7,290.4,304.3,276.8,72.0,258.0,244.4,159.3,468.8,304.9,202.5,103.1,296.2,287.2,287.1,271.6,323.2,232.8,283.0,300.2,328.2,255.7,233.4,399.0,299.1,232.2,207.7,294.9,294.8,296.4,188.7,276.9,246.7,236.5,195.4,0.0,283.7,193.2,278.1,67.5,185.6,400.5,410.7,263.2,221.3,315.2,221.8,219.4,420.2,324.8,287.6,276.2,266.6,253.7,422.6,181.8,223.6,259.9,412.6,280.6,248.1,266.5,237.7,276.8,234.3,171.3,447.8,280.4,438.7,197.4,432.7,427.8,257.9,292.9,403.5,259.9,289.8,258.9,393.9,309.0,276.0,343.4,254.2,166.2,291.7
ADRESSENOGD.fid-705841fe_17da459ca88_cd9,156.8,293.3,274.8,90.1,130.1,142.6,79.1,144.4,224.0,244.5,266.9,127.8,286.5,265.0,151.9,153.1,161.8,65.8,299.4,186.2,233.4,267.0,74.6,445.5,176.3,83.8,93.6,69.0,158.6,158.5,196.4,169.9,104.2,154.4,171.6,199.6,231.9,104.8,270.4,321.7,234.3,79.1,166.3,166.2,57.9,211.3,135.8,118.1,107.9,76.7,132.7,0.0,64.6,149.5,88.6,208.2,297.9,316.1,285.8,92.7,186.6,93.2,242.0,307.8,196.2,49.1,147.6,191.4,276.3,310.2,204.4,194.5,131.3,284.0,212.8,119.5,236.2,239.8,299.4,105.7,86.6,323.9,151.8,344.1,68.8,304.1,299.2,129.3,151.8,380.2,131.3,161.2,20.4,306.3,171.3,298.6,366.0,276.8,37.6,163.1
ADRESSENOGD.fid-705841fe_17da459ca88_cbc,181.3,317.8,414.8,283.0,154.6,167.1,83.5,168.9,371.6,269.0,414.5,152.3,311.0,412.6,291.9,177.6,186.3,204.5,439.4,326.2,381.0,407.0,182.0,470.0,200.8,225.2,233.6,290.5,183.1,183.0,344.0,317.5,88.4,178.9,196.1,224.1,379.5,89.0,294.9,446.6,381.9,83.5,190.8,190.7,290.7,351.3,271.2,142.6,43.3,218.1,272.7,278.0,0.0,174.0,228.6,348.2,322.4,340.6,425.8,28.1,211.1,28.6,382.0,332.3,220.7,281.9,172.1,339.0,416.3,334.7,344.4,342.1,155.8,308.5,360.4,144.0,383.8,387.4,439.4,41.1,194.0,348.4,176.3,368.6,4.2,328.6,323.7,153.8,287.2,404.7,155.8,185.7,253.2,330.8,318.9,438.6,418.4,416.8,188.9,187.6
ADRESSENOGD.fid-705841fe_17da459ca88_c5c,73.2,209.8,327.9,300.3,173.9,6.9,195.4,50.1,388.9,161.0,431.8,171.6,203.0,429.9,311.2,34.3,67.5,223.8,358.4,345.5,398.3,385.1,201.3,362.0,57.5,244.5,252.9,307.8,75.1,75.0,361.3,334.8,181.8,7.1,52.8,116.1,396.8,182.4,186.9,338.6,399.2,195.4,72.0,82.7,308.0,370.6,288.5,47.5,250.4,237.4,292.0,295.3,207.1,0.0,247.9,367.5,214.4,232.6,442.8,235.2,103.1,235.7,354.6,224.3,112.7,299.2,53.3,356.3,433.3,226.7,363.7,359.4,175.1,200.5,377.7,163.3,401.1,404.7,358.4,248.2,213.3,240.4,74.0,260.6,211.3,220.6,215.7,58.7,304.5,296.7,175.1,66.9,270.5,222.8,336.2,455.6,310.4,433.8,208.2,79.6
ADRESSENOGD.fid-705841fe_17da459ca88_c1b,238.4,374.9,241.9,241.7,211.7,224.2,160.7,226.0,237.5,326.1,254.5,209.4,368.1,252.6,119.0,234.7,243.4,257.3,266.5,153.3,247.7,234.1,112.3,458.5,257.9,155.5,56.1,249.2,240.2,240.1,261.3,276.2,185.8,236.0,253.2,281.2,245.4,186.4,352.0,288.8,221.9,160.7,247.9,247.8,249.4,178.4,229.9,199.7,189.5,148.4,99.8,236.7,146.2,231.1,0.0,175.3,379.5,397.7,252.9,174.3,268.2,174.8,209.1,389.4,277.8,240.6,229.2,256.3,243.4,391.8,171.5,213.3,212.9,365.6,270.3,201.1,256.2,227.4,266.5,187.3,124.3,405.5,233.4,425.7,150.4,385.7,380.8,210.9,245.9,393.2,212.9,242.8,211.9,383.6,277.6,265.7,333.1,243.9,119.2,244.7
ADRESSENOGD.fid-705841fe_17da459ca88_c5d,279.3,308.3,96.0,136.2,252.6,265.1,201.6,266.9,89.8,265.5,106.8,250.3,269.6,104.9,281.7,275.6,284.3,195.6,120.6,316.0,100.0,88.2,197.1,312.6,298.8,206.3,223.4,195.7,281.1,281.0,113.6,178.2,226.7,276.9,294.1,322.1,97.7,227.3,291.4,142.9,74.2,201.6,288.8,288.7,259.5,3.1,214.6,240.6,230.4,199.2,262.5,221.4,187.1,272.0,218.4,0.0,219.8,230.0,77.6,215.2,309.1,215.7,63.2,239.5,318.7,250.7,270.1,108.6,68.1,241.9,25.6,65.6,253.8,267.1,122.6,242.0,108.5,79.7,120.6,228.2,209.1,267.1,274.3,258.0,191.3,287.2,282.3,251.8,230.6,247.3,253.8,283.7,222.0,213.2,151.0,90.4,187.2,68.6,160.1,285.6
ADRESSENOGD.fid-705841fe_17da459ca88_c33,464.4,127.0,224.6,361.1,475.9,422.8,426.5,432.8,314.7,45.7,331.7,473.6,49.8,329.8,506.6,441.5,450.2,420.5,255.1,540.9,324.9,281.8,422.0,207.4,464.7,431.2,448.3,420.6,307.3,307.2,338.5,403.1,427.1,423.0,460.0,282.1,322.6,427.7,71.6,235.3,299.1,426.5,454.7,314.9,484.4,295.7,439.5,406.5,455.3,424.1,487.4,446.3,412.0,415.9,443.3,292.6,0.0,18.2,339.5,440.1,289.9,440.6,251.3,19.7,303.4,475.6,436.0,333.5,330.0,22.1,273.1,290.5,477.1,47.3,347.5,465.3,333.4,304.6,255.1,453.1,434.0,85.8,440.2,46.2,416.2,67.4,62.5,417.7,455.5,142.1,477.1,449.6,446.9,31.9,375.9,352.3,207.1,330.5,385.0,311.8
ADRESSENOGD.fid-705841fe_17da459ca88_c70,478.0,140.6,238.2,374.7,489.5,436.4,440.1,446.4,328.3,60.7,345.3,487.2,64.8,343.4,520.2,455.1,463.8,434.1,268.7,554.5,338.5,295.4,435.6,221.0,478.3,444.8,461.9,434.2,320.9,320.8,352.1,416.7,440.7,436.6,473.6,295.7,336.2,441.3,86.6,248.9,312.7,440.1,468.3,328.5,498.0,309.3,453.1,420.1,468.9,437.7,501.0,459.9,425.6,429.5,456.9,306.2,15.0,0.0,353.1,453.7,303.5,454.2,264.9,34.7,317.0,489.2,449.6,347.1,343.6,37.1,286.7,304.1,490.7,62.3,361.1,478.9,347.0,318.2,268.7,466.7,447.6,99.4,453.8,36.7,429.8,82.4,77.5,431.3,469.1,155.7,490.7,463.2,460.5,45.5,389.5,365.9,220.7,344.1,398.6,325.4
ADRESSENOGD.fid-705841fe_17da459ca88_c5f,372.2,230.7,55.8,229.1,345.5,358.0,294.5,359.8,182.7,187.9,199.7,343.2,192.0,197.8,374.6,368.5,377.2,288.5,80.4,408.9,192.9,38.0,290.0,260.2,391.7,299.2,316.3,288.6,374.0,373.9,206.5,271.1,319.6,369.8,387.0,385.8,190.6,320.2,213.8,70.0,167.1,294.5,381.7,381.6,352.4,110.8,307.5,333.5,323.3,292.1,355.4,314.3,280.0,364.9,311.3,113.9,142.2,152.4,0.0,308.1,393.6,308.6,119.3,161.9,407.1,343.6,363.0,201.5,86.2,164.3,134.1,158.5,346.7,189.5,215.5,334.9,201.4,172.6,80.4,321.1,302.0,189.5,367.2,180.4,284.2,209.6,204.7,344.7,323.5,194.9,346.7,376.6,314.9,135.6,243.9,108.5,134.8,86.7,253.0,378.5
ADRESSENOGD.fid-705841fe_17da459ca88_c56,153.2,289.7,386.7,254.9,126.5,139.0,55.4,140.8,343.5,240.9,386.4,124.2,282.9,384.5,263.8,149.5,158.2,176.4,411.3,298.1,352.9,378.9,153.9,441.9,172.7,197.1,205.5,262.4,155.0,154.9,315.9,289.4,60.3,150.8,168.0,196.0,351.4,60.9,266.8,418.5,353.8,55.4,162.7,162.6,262.6,323.2,243.1,114.5,15.2,190.0,244.6,249.9,67.1,145.9,200.5,320.1,294.3,312.5,397.7,0.0,183.0,0.5,353.9,304.2,192.6,253.8,144.0,310.9,388.2,306.6,316.3,314.0,127.7,280.4,332.3,115.9,355.7,359.3,411.3,13.0,165.9,320.3,148.2,340.5,71.3,300.5,295.6,125.7,259.1,376.6,127.7,157.6,225.1,302.7,290.8,410.5,390.3,388.7,160.8,159.5
ADRESSENOGD.fid-705841fe_17da459ca88_c24,307.0,132.2,250.3,386.8,318.5,265.4,283.3,275.4,340.4,171.5,357.4,316.2,209.1,355.5,455.8,284.1,292.8,368.4,280.8,490.1,350.6,307.5,345.9,284.4,307.3,389.1,397.5,395.7,149.9,149.8,364.2,422.7,269.7,265.6,302.6,94.8,348.3,270.3,197.4,261.0,324.8,283.3,297.3,157.5,395.9,321.4,376.4,249.1,338.3,382.0,436.6,383.2,295.0,258.5,392.5,318.3,169.1,175.4,365.2,323.1,0.0,323.6,277.0,179.0,116.9,387.1,278.6,359.2,355.7,181.4,298.8,316.2,319.7,206.6,373.2,307.9,359.1,330.3,280.8,336.1,357.9,162.8,282.8,193.7,299.2,226.7,221.8,260.3,392.4,219.1,319.7,292.2,358.4,145.2,401.6,378.0,232.8,356.2,352.8,154.4
ADRESSENOGD.fid-705841fe_17da459ca88_c47,152.7,289.2,386.2,254.4,126.0,138.5,54.9,140.3,343.0,240.4,385.9,123.7,282.4,384.0,263.3,149.0,157.7,175.9,410.8,297.6,352.4,378.4,153.4,441.4,172.2,196.6,205.0,261.9,154.5,154.4,315.4,288.9,59.8,150.3,167.5,195.5,350.9,60.4,266.3,418.0,353.3,54.9,162.2,162.1,262.1,322.7,242.6,114.0,14.7,189.5,244.1,249.4,66.6,145.4,200.0,319.6,293.8,312.0,397.2,94.7,182.5,0.0,353.4,303.7,192.1,253.3,143.5,310.4,387.7,306.1,315.8,313.5,127.2,279.9,331.8,115.4,355.2,358.8,410.8,12.5,165.4,319.8,147.7,340.0,70.8,300.0,295.1,125.2,258.6,376.1,127.2,157.1,224.6,302.2,290.3,410.0,389.8,388.2,160.3,159.0
ADRESSENOGD.fid-705841fe_17da459ca88_ca5,252.9,344.7,107.9,109.8,226.2,238.7,175.2,240.5,63.4,301.9,80.4,223.9,306.0,78.5,255.3,249.2,257.9,169.2,132.5,289.6,73.6,100.1,170.7,324.5,272.4,179.9,197.0,169.3,254.7,254.6,87.2,151.8,200.3,250.5,267.7,295.7,71.3,200.9,327.8,154.8,47.8,175.2,262.4,262.3,233.1,44.4,188.2,214.2,204.0,172.8,236.1,195.0,160.7,245.6,192.0,41.3,256.2,266.4,118.9,188.8,282.7,189.3,0.0,275.9,292.3,224.3,243.7,82.2,109.4,278.3,37.5,39.2,227.4,303.5,96.2,215.6,82.1,53.3,132.5,201.8,182.7,303.5,247.9,294.4,164.9,323.6,318.7,225.4,204.2,259.2,227.4,257.3,195.6,249.6,124.6,131.7,199.1,109.9,133.7,259.2
ADRESSENOGD.fid-705841fe_17da459ca88_cd3,501.0,163.6,261.2,397.7,512.5,459.4,463.1,469.4,351.3,128.4,368.3,510.2,30.1,366.4,543.2,478.1,486.8,457.1,291.7,577.5,361.5,318.4,458.6,244.0,501.3,467.8,484.9,457.2,343.9,343.8,375.1,439.7,463.7,459.6,496.6,318.7,359.2,464.3,154.3,271.9,335.7,463.1,491.3,351.5,521.0,332.3,476.1,443.1,491.9,460.7,524.0,482.9,448.6,452.5,479.9,329.2,82.7,92.9,376.1,476.7,326.5,477.2,287.9,0.0,340.0,512.2,472.6,370.1,366.6,2.4,309.7,327.1,513.7,27.6,384.1,501.9,370.0,341.2,291.7,489.7,470.6,122.4,476.8,120.9,452.8,47.7,42.8,454.3,492.1,178.7,513.7,486.2,483.5,68.5,412.5,388.9,243.7,367.1,421.6,348.4
ADRESSENOGD.fid-705841fe_17da459ca88_c4d,335.6,191.5,309.6,416.8,347.1,280.9,311.9,304.0,399.7,230.8,416.7,344.8,268.4,414.8,484.4,308.3,321.4,397.0,340.1,518.7,409.9,366.8,374.5,343.7,331.5,417.7,426.1,424.3,165.4,165.3,423.5,451.3,298.3,281.1,325.2,80.5,407.6,298.9,256.7,320.3,384.1,311.9,325.9,173.0,424.5,380.7,405.0,277.7,366.9,410.6,465.2,411.8,323.6,274.0,421.1,377.6,228.4,234.7,424.5,351.7,88.3,352.2,336.3,238.3,0.0,415.7,307.2,418.5,415.0,240.7,358.1,375.5,348.3,265.9,432.5,336.5,418.4,389.6,340.1,364.7,386.5,222.1,311.4,253.0,327.8,286.0,281.1,288.9,421.0,278.4,348.3,320.8,387.0,204.5,452.7,437.3,292.1,415.5,381.4,169.9
ADRESSENOGD.fid-705841fe_17da459ca88_cb9,168.8,305.3,286.8,102.1,142.1,154.6,91.1,156.4,236.0,256.5,278.9,139.8,298.5,277.0,163.9,165.1,173.8,77.8,311.4,198.2,245.4,279.0,86.6,457.5,188.3,95.8,105.6,81.0,170.6,170.5,208.4,181.9,116.2,166.4,183.6,211.6,243.9,116.8,282.4,333.7,246.3,91.1,178.3,178.2,8.8,223.3,147.8,130.1,119.9,88.7,144.7,154.6,76.6,161.5,100.6,220.2,309.9,328.1,297.8,104.7,198.6,105.2,254.0,319.8,208.2,0.0,159.6,203.4,288.3,322.2,216.4,206.5,143.3,296.0,224.8,131.5,248.2,251.8,311.4,117.7,98.6,335.9,163.8,356.1,80.8,316.1,311.2,141.3,163.8,392.2,143.3,173.2,32.4,318.3,183.3,310.6,378.0,288.8,49.6,175.1
ADRESSENOGD.fid-705841fe_17da459ca88_c7c,221.9,321.2,439.3,449.0,322.6,155.6,344.1,198.8,529.4,272.4,546.4,320.3,314.4,544.5,459.9,183.0,14.2,372.5,469.8,494.2,539.6,496.5,350.0,473.4,206.2,393.2,401.6,456.5,186.5,186.4,510.0,483.5,330.5,155.8,120.4,227.5,537.3,331.1,298.3,450.0,513.8,344.1,18.7,194.1,456.7,510.4,437.2,196.2,399.1,386.1,440.7,444.0,355.8,148.7,396.6,507.3,325.8,344.0,554.2,383.9,214.5,384.4,466.0,335.7,224.1,447.9,0.0,505.0,544.7,338.1,487.8,505.2,323.8,311.9,526.4,312.0,548.1,519.3,469.8,396.9,362.0,351.8,222.7,372.0,360.0,332.0,327.1,207.4,453.2,408.1,323.8,13.6,419.2,334.2,484.9,567.0,421.8,545.2,356.9,191.0
ADRESSENOGD.fid-705841fe_17da459ca88_cdb,261.6,398.1,312.2,97.2,234.9,247.4,183.9,249.2,72.4,349.3,115.3,232.6,391.3,113.4,264.0,257.9,266.6,177.9,342.7,298.3,81.8,314.4,179.4,522.9,281.1,188.6,205.7,133.6,263.4,263.3,5.0,100.2,209.0,259.2,276.4,304.4,80.3,209.6,375.2,365.0,82.7,183.9,271.1,271.0,189.6,311.8,159.6,222.9,212.7,181.5,244.8,166.4,169.4,254.3,200.7,308.7,402.7,420.9,372.1,197.5,291.4,198.0,267.4,412.6,301.0,180.8,252.4,0.0,362.6,415.0,289.2,47.9,236.1,388.8,61.2,224.3,84.6,88.2,342.7,210.5,191.4,428.7,256.6,448.9,173.6,408.9,404.0,234.1,175.6,457.6,236.1,266.0,152.1,411.1,96.2,384.9,397.5,363.1,142.4,267.9
ADRESSENOGD.fid-705841fe_17da459ca88_c6f,381.7,240.2,65.3,238.6,355.0,367.5,304.0,369.3,192.2,197.4,209.2,352.7,201.5,207.3,384.1,378.0,386.7,298.0,89.9,418.4,202.4,47.5,299.5,269.7,401.2,308.7,325.8,298.1,383.5,383.4,216.0,280.6,329.1,379.3,396.5,395.3,200.1,329.7,223.3,79.5,176.6,304.0,391.2,391.1,361.9,120.3,317.0,343.0,332.8,301.6,364.9,323.8,289.5,374.4,320.8,123.4,151.7,161.9,9.5,317.6,403.1,318.1,128.8,171.4,416.6,353.1,372.5,211.0,0.0,173.8,143.6,168.0,356.2,199.0,225.0,344.4,210.9,182.1,89.9,330.6,311.5,199.0,376.7,189.9,293.7,219.1,214.2,354.2,333.0,204.4,356.2,386.1,324.4,145.1,253.4,118.0,144.3,96.2,262.5,388.0
ADRESSENOGD.fid-705841fe_17da459ca88_cd2,498.6,161.2,258.8,395.3,510.1,457.0,460.7,467.0,348.9,126.0,365.9,507.8,27.7,364.0,540.8,475.7,484.4,454.7,289.3,575.1,359.1,316.0,456.2,241.6,498.9,465.4,482.5,454.8,341.5,341.4,372.7,437.3,461.3,457.2,494.2,316.3,356.8,461.9,151.9,269.5,333.3,460.7,488.9,349.1,518.6,329.9,473.7,440.7,489.5,458.3,521.6,480.5,446.2,450.1,477.5,326.8,80.3,90.5,373.7,474.3,324.1,474.8,285.5,100.0,337.6,509.8,470.2,367.7,364.2,0.0,307.3,324.7,511.3,25.2,381.7,499.5,367.6,338.8,289.3,487.3,468.2,120.0,474.4,118.5,450.4,45.3,40.4,451.9,489.7,176.3,511.3,483.8,481.1,66.1,410.1,386.5,241.3,364.7,419.2,346.0
ADRESSENOGD.fid-705841fe_17da459ca88_c67,275.9,307.2,70.4,132.8,249.2,261.7,198.2,263.5,86.4,264.4,103.4,246.9,268.5,101.5,278.3,272.2,280.9,192.2,95.0,312.6,96.6,62.6,193.7,287.0,295.4,202.9,220.0,192.3,277.7,277.6,110.2,174.8,223.3,273.5,290.7,318.7,94.3,223.9,290.3,117.3,70.8,198.2,285.4,285.3,256.1,27.5,211.2,237.2,227.0,195.8,259.1,218.0,183.7,268.6,215.0,24.4,218.7,228.9,102.0,211.8,305.7,212.3,37.6,238.4,315.3,247.3,266.7,105.2,92.5,240.8,0.0,62.2,250.4,266.0,119.2,238.6,105.1,76.3,95.0,224.8,205.7,266.0,270.9,256.9,187.9,286.1,281.2,248.4,227.2,221.7,250.4,280.3,218.6,212.1,147.6,114.8,161.6,93.0,156.7,282.2
ADRESSENOGD.fid-705841fe_17da459ca88_c2b,213.7,350.2,325.8,70.6,187.0,199.5,136.0,201.3,86.0,301.4,128.9,184.7,343.4,127.0,216.1,210.0,218.7,130.0,356.3,250.4,95.4,328.0,131.5,502.4,233.2,140.7,157.8,130.1,215.5,215.4,48.0,112.6,161.1,211.3,228.5,256.5,93.9,161.7,327.3,378.6,96.3,136.0,223.2,223.1,193.9,275.5,149.0,175.0,164.8,133.6,196.9,155.8,121.5,206.4,152.8,272.4,354.8,373.0,350.0,149.6,243.5,150.1,281.0,364.7,253.1,185.1,204.5,43.0,340.5,367.1,268.6,0.0,188.2,340.9,74.8,176.4,98.2,101.8,356.3,162.6,143.5,380.8,208.7,401.0,125.7,361.0,356.1,186.2,165.0,437.1,188.2,218.1,156.4,363.2,109.8,362.8,411.1,341.0,94.5,220.0
ADRESSENOGD.fid-705841fe_17da459ca88_c32,99.2,283.9,335.2,231.8,8.1,133.2,142.0,135.0,320.4,235.1,347.8,70.2,277.1,345.9,212.3,143.7,152.4,124.9,359.8,246.6,329.8,327.4,102.4,436.1,166.9,145.6,154.0,239.3,149.2,149.1,292.8,266.3,128.4,145.0,162.2,190.2,328.3,129.0,261.0,382.1,315.2,142.0,156.9,156.8,239.5,271.7,220.0,108.7,179.6,138.5,193.1,226.8,136.3,140.1,149.0,268.6,288.5,306.7,346.2,164.4,177.2,164.9,302.4,298.4,186.8,230.7,138.2,287.8,336.7,300.8,264.8,290.9,0.0,274.6,309.2,64.4,332.6,320.7,359.8,177.4,114.4,314.5,97.5,334.7,140.5,294.7,289.8,119.9,236.0,370.8,0.0,151.8,202.0,296.9,267.7,359.0,384.5,337.2,109.3,153.7
ADRESSENOGD.fid-705841fe_17da459ca88_cb2,475.4,138.0,235.6,372.1,486.9,433.8,437.5,443.8,325.7,102.8,342.7,484.6,2.5,340.8,517.6,452.5,461.2,431.5,266.1,551.9,335.9,292.8,433.0,218.4,475.7,442.2,459.3,431.6,318.3,318.2,349.5,414.1,438.1,434.0,471.0,293.1,333.6,438.7,128.7,246.3,310.1,437.5,465.7,325.9,495.4,306.7,450.5,417.5,466.3,435.1,498.4,457.3,423.0,426.9,454.3,303.6,57.1,67.3,350.5,451.1,300.9,451.6,262.3,76.8,314.4,486.6,447.0,344.5,341.0,79.2,284.1,301.5,488.1,0.0,358.5,476.3,344.4,315.6,266.1,464.1,445.0,96.8,451.2,95.3,427.2,124.5,119.6,428.7,466.5,153.1,488.1,460.6,457.9,42.9,386.9,363.3,218.1,341.5,396.0,322.8
ADRESSENOGD.fid-705841fe_17da459ca88_c3a,291.6,428.1,280.3,117.9,264.9,277.4,213.9,279.2,58.2,379.3,101.1,262.6,421.3,99.2,294.0,287.9,296.6,207.9,310.8,328.3,68.4,282.5,209.4,491.0,311.1,218.6,235.7,154.3,293.4,293.3,79.8,128.8,235.6,289.2,306.4,334.4,66.1,236.2,405.2,333.1,68.5,213.9,301.1,301.0,210.3,279.9,180.3,252.9,242.7,211.5,274.8,187.1,199.4,284.3,230.7,276.8,416.4,426.6,340.2,227.5,321.4,228.0,235.5,436.1,331.0,201.5,282.4,74.8,330.7,438.5,257.3,87.2,266.1,418.8,0.0,254.3,76.1,74.0,310.8,240.5,221.4,458.7,286.6,454.6,203.6,438.9,434.0,264.1,196.3,425.7,266.1,296.0,172.8,409.8,54.7,353.0,365.6,331.2,172.4,297.9
ADRESSENOGD.fid-705841fe_17da459ca88_c41,164.1,300.6,270.8,167.4,137.4,149.9,86.4,151.7,256.0,251.8,283.4,135.1,293.8,281.5,147.9,160.4,169.1,60.5,295.4,182.2,265.4,263.0,38.0,452.8,183.6,81.2,89.6,174.9,165.9,165.8,228.4,201.9,111.5,161.7,178.9,206.9,263.9,112.1,277.7,317.7,250.8,86.4,173.6,173.5,175.1,207.3,155.6,125.4,115.2,74.1,128.7,162.4,71.9,156.8,84.6,204.2,305.2,323.4,281.8,100.0,193.9,100.5,238.0,315.1,203.5,166.3,154.9,223.4,272.3,317.5,200.4,226.5,138.6,291.3,244.8,0.0,268.2,256.3,295.4,113.0,50.0,331.2,159.1,351.4,76.1,311.4,306.5,136.6,171.6,387.5,138.6,168.5,137.6,313.6,203.3,294.6,362.0,272.8,44.9,170.4
ADRESSENOGD.fid-705841fe_17da459ca88_c2d,275.1,411.6,243.7,132.0,248.4,260.9,197.4,262.7,44.4,362.8,36.9,246.1,404.8,35.0,277.5,271.4,280.1,191.4,274.2,311.8,54.6,245.9,192.9,454.4,294.6,202.1,219.2,180.7,276.9,276.8,88.1,155.2,222.5,272.7,289.9,317.9,52.3,223.1,388.7,296.5,11.7,197.4,284.6,284.5,236.7,243.3,206.7,236.4,226.2,195.0,258.3,213.5,182.9,267.8,214.2,240.2,379.8,390.0,303.6,211.0,304.9,211.5,198.9,399.5,314.5,227.9,265.9,83.1,294.1,401.9,220.7,61.4,249.6,402.3,77.2,237.8,0.0,9.8,274.2,224.0,204.9,427.1,270.1,418.0,187.1,422.4,417.5,247.6,222.7,389.1,249.6,279.5,199.2,373.2,81.1,316.4,329.0,294.6,155.9,281.4
ADRESSENOGD.fid-705841fe_17da459ca88_c5a,268.9,405.4,233.9,125.8,242.2,254.7,191.2,256.5,38.2,356.6,27.1,239.9,398.6,25.2,271.3,265.2,273.9,185.2,264.4,305.6,48.4,236.1,186.7,444.6,288.4,195.9,213.0,170.9,270.7,270.6,81.9,145.4,216.3,266.5,283.7,311.7,46.1,216.9,382.5,286.7,5.5,191.2,278.4,278.3,226.9,233.5,196.9,230.2,220.0,188.8,252.1,203.7,176.7,261.6,208.0,230.4,370.0,380.2,293.8,204.8,298.7,205.3,189.1,389.7,308.3,218.1,259.7,76.9,284.3,392.1,210.9,55.2,243.4,396.1,69.3,231.6,56.9,0.0,264.4,217.8,198.7,417.3,263.9,408.2,180.9,416.2,411.3,241.4,212.9,379.3,243.4,273.3,189.4,363.4,71.3,306.6,319.2,284.8,149.7,275.2
ADRESSENOGD.fid-705841fe_17da459ca88_c51,347.1,212.2,67.5,204.0,320.4,332.9,269.4,334.7,157.6,169.4,174.6,318.1,173.5,172.7,349.5,343.4,352.1,263.4,0.0,383.8,167.8,124.7,264.9,192.0,366.6,274.1,291.2,263.5,348.9,348.8,181.4,246.0,294.5,344.7,361.9,367.3,165.5,295.1,195.3,54.8,142.0,269.4,356.6,356.5,327.3,138.6,282.4,308.4,298.2,267.0,330.3,289.2,254.9,339.8,286.2,135.5,123.7,133.9,182.4,283.0,375.1,283.5,94.2,143.4,386.5,318.5,337.9,176.4,172.9,145.8,116.0,133.4,321.6,171.0,190.4,309.8,176.3,147.5,0.0,296.0,276.9,171.0,342.1,161.9,259.1,191.1,186.2,319.6,298.4,126.7,321.6,351.5,289.8,117.1,218.8,195.2,66.6,173.4,227.9,353.4
ADRESSENOGD.fid-705841fe_17da459ca88_c60,140.2,276.7,373.7,241.9,113.5,126.0,42.4,127.8,330.5,227.9,373.4,111.2,269.9,371.5,250.8,136.5,145.2,163.4,398.3,285.1,339.9,365.9,140.9,428.9,159.7,184.1,192.5,249.4,142.0,141.9,302.9,276.4,47.3,137.8,155.0,183.0,338.4,47.9,253.8,405.5,340.8,42.4,149.7,149.6,249.6,310.2,230.1,101.5,2.2,177.0,231.6,236.9,54.1,132.9,187.5,307.1,281.3,299.5,384.7,82.2,170.0,82.7,340.9,291.2,179.6,240.8,131.0,297.9,375.2,293.6,303.3,301.0,114.7,267.4,319.3,102.9,342.7,346.3,398.3,0.0,152.9,307.3,135.2,327.5,58.3,287.5,282.6,112.7,246.1,363.6,114.7,144.6,212.1,289.7,277.8,397.5,377.3,375.7,147.8,146.5
ADRESSENOGD.fid-705841fe_17da459ca88_cd0,123.4,261.4,356.9,226.6,96.7,110.7,47.2,112.5,315.2,212.6,358.1,94.4,254.6,356.2,234.0,121.2,129.9,146.6,381.5,268.3,324.6,349.1,124.1,413.6,144.4,31.2,175.7,234.1,126.7,126.6,287.6,261.1,69.4,122.5,139.7,167.7,323.1,70.0,238.5,390.2,325.5,47.2,134.4,134.3,234.3,293.4,214.8,86.2,68.4,24.1,214.8,221.6,25.1,117.6,170.7,290.3,266.0,284.2,367.9,53.2,154.7,53.7,324.1,275.9,164.3,225.5,115.7,282.6,358.4,278.3,286.5,285.7,97.9,252.1,304.0,86.1,327.4,331.0,381.5,66.2,0.0,292.0,117.1,312.2,29.3,272.2,267.3,97.4,230.8,348.3,97.9,129.3,196.8,274.4,262.5,380.7,362.0,358.9,131.0,131.2
ADRESSENOGD.fid-705841fe_17da459ca88_cb8,492.8,155.4,253.0,389.5,504.3,451.2,454.9,461.2,343.1,210.7,360.1,502.0,214.8,358.2,535.0,469.9,478.6,448.9,283.5,569.3,353.3,310.2,450.4,121.6,493.1,459.6,476.7,449.0,335.7,335.6,366.9,431.5,455.5,451.4,488.4,310.5,351.0,456.1,236.6,263.7,327.5,454.9,483.1,343.3,512.8,324.1,467.9,434.9,483.7,452.5,515.8,474.7,440.4,444.3,471.7,321.0,165.0,166.6,367.9,468.5,318.3,469.0,279.7,184.7,331.8,504.0,464.4,361.9,358.4,187.1,301.5,318.9,505.5,212.3,375.9,493.7,361.8,333.0,283.5,481.5,462.4,0.0,468.6,184.9,444.6,232.4,227.5,446.1,483.9,56.3,505.5,478.0,475.3,136.4,404.3,380.7,235.5,358.9,413.4,340.2
ADRESSENOGD.fid-705841fe_17da459ca88_c96,76.2,211.3,329.4,278.3,151.9,43.7,173.4,44.6,366.9,162.5,409.8,149.6,204.5,407.9,289.2,56.0,62.0,201.8,359.9,323.5,376.3,386.6,179.3,363.5,79.2,222.5,230.9,285.8,76.6,76.5,339.3,312.8,159.8,55.5,74.5,117.6,374.8,160.4,188.4,340.1,377.2,173.4,66.5,84.2,286.0,348.6,266.5,18.3,228.4,215.4,270.0,273.3,185.1,50.6,225.9,345.5,215.9,234.1,423.1,213.2,104.6,213.7,356.1,225.8,114.2,277.2,47.8,334.3,413.6,228.2,341.7,337.4,153.1,202.0,355.7,141.3,379.1,382.7,359.9,226.2,191.3,241.9,0.0,262.1,189.3,222.1,217.2,29.5,282.5,298.2,153.1,61.4,248.5,224.3,314.2,435.9,311.9,414.1,186.2,81.1
ADRESSENOGD.fid-705841fe_17da459ca88_cbf,511.6,174.2,271.8,408.3,523.1,470.0,473.7,480.0,361.9,74.0,378.9,520.8,87.2,377.0,553.8,488.7,497.4,467.7,302.3,588.1,372.1,329.0,469.2,254.6,511.9,478.4,495.5,467.8,354.5,354.4,385.7,450.3,474.3,470.2,507.2,329.3,369.8,474.9,99.9,282.5,346.3,473.7,501.9,362.1,531.6,342.9,486.7,453.7,502.5,471.3,534.6,493.5,459.2,463.1,490.5,339.8,47.2,65.4,386.7,487.3,337.1,487.8,298.5,57.1,350.6,522.8,483.2,380.7,377.2,59.5,320.3,337.7,524.3,84.7,394.7,512.5,380.6,351.8,302.3,500.3,481.2,133.0,487.4,0.0,463.4,104.8,99.9,464.9,502.7,189.3,524.3,496.8,494.1,79.1,423.1,399.5,254.3,377.7,432.2,359.0
ADRESSENOGD.fid-705841fe_17da459ca88_c37,177.1,313.6,410.6,278.8,150.4,162.9,79.3,164.7,367.4,264.8,410.3,148.1,306.8,408.4,287.7,173.4,182.1,200.3,435.2,322.0,376.8,402.8,177.8,465.8,196.6,221.0,229.4,286.3,178.9,178.8,339.8,313.3,84.2,174.7,191.9,219.9,375.3,84.8,290.7,442.4,377.7,79.3,186.6,186.5,286.5,347.1,267.0,138.4,39.1,213.9,268.5,273.8,91.0,169.8,224.4,344.0,318.2,336.4,421.6,23.9,206.9,24.4,377.8,328.1,216.5,277.7,167.9,334.8,412.1,330.5,340.2,337.9,151.6,304.3,356.2,139.8,379.6,383.2,435.2,36.9,189.8,344.2,172.1,364.4,0.0,324.4,319.5,149.6,283.0,400.5,151.6,181.5,249.0,326.6,314.7,434.4,414.2,412.6,184.7,183.4
ADRESSENOGD.fid-705841fe_17da459ca88_c9b,453.3,115.9,213.5,350.0,464.8,411.7,415.4,421.7,303.6,80.7,320.6,462.5,84.8,318.7,495.5,430.4,439.1,409.4,244.0,529.8,313.8,270.7,410.9,196.3,453.6,420.1,437.2,409.5,296.2,296.1,327.4,392.0,416.0,411.9,448.9,271.0,311.5,416.6,106.6,224.2,288.0,415.4,443.6,303.8,473.3,284.6,428.4,395.4,444.2,413.0,476.3,435.2,400.9,404.8,432.2,281.5,35.0,45.2,328.4,429.0,278.8,429.5,240.2,54.7,292.3,464.5,424.9,322.4,318.9,57.1,262.0,279.4,466.0,82.3,336.4,454.2,322.3,293.5,244.0,442.0,422.9,74.7,429.1,73.2,405.1,0.0,97.5,406.6,444.4,131.0,466.0,438.5,435.8,20.8,364.8,341.2,196.0,319.4,373.9,300.7
ADRESSENOGD.fid-705841fe_17da459ca88_cd6,458.2,120.8,218.4,354.9,469.7,416.6,420.3,426.6,308.5,85.6,325.5,467.4,89.7,323.6,500.4,435.3,444.0,414.3,248.9,534.7,318.7,275.6,415.8,201.2,458.5,425.0,442.1,414.4,301.1,301.0,332.3,396.9,420.9,416.8,453.8,275.9,316.4,421.5,111.5,229.1,292.9,420.3,448.5,308.7,478.2,289.5,433.3,400.3,449.1,417.9,481.2,440.1,405.8,409.7,437.1,286.4,39.9,50.1,333.3,433.9,283.7,434.4,245.1,59.6,297.2,469.4,429.8,327.3,323.8,62.0,266.9,284.3,470.9,87.2,341.3,459.1,327.2,298.4,248.9,446.9,427.8,79.6,434.0,78.1,410.0,4.9,0.0,411.5,449.3,135.9,470.9,443.4,440.7,25.7,369.7,346.1,200.9,324.3,378.8,305.6
ADRESSENOGD.fid-705841fe_17da459ca88_c3c,117.6,235.6,353.7,267.7,141.3,84.9,162.8,86.0,356.3,186.8,399.2,139.0,228.8,397.3,278.6,95.4,103.4,191.2,384.2,312.9,365.7,393.7,168.7,387.8,118.6,211.9,220.3,275.2,100.9,100.8,328.7,302.2,149.2,96.7,113.9,141.9,364.2,149.8,212.7,364.4,366.6,162.8,107.9,108.5,275.4,338.0,255.9,59.7,217.8,204.8,259.4,262.7,174.5,91.8,215.3,334.9,240.2,258.4,412.5,202.6,128.9,203.1,368.7,250.1,138.5,266.6,89.2,323.7,403.0,252.5,331.1,326.8,142.5,226.3,345.1,130.7,368.5,372.1,384.2,215.6,180.7,266.2,41.4,286.4,178.7,246.4,241.5,0.0,271.9,322.5,142.5,102.8,237.9,248.6,303.6,425.3,336.2,403.5,175.6,105.4
ADRESSENOGD.fid-705841fe_17da459ca88_ce0,206.7,343.2,332.0,70.7,180.0,192.5,129.0,194.3,194.0,294.4,236.9,177.7,336.4,235.0,209.1,203.0,211.7,123.0,356.6,243.4,203.4,324.2,124.5,495.4,226.2,133.7,150.8,14.1,208.5,208.4,156.0,142.4,154.1,204.3,221.5,249.5,201.9,154.7,320.3,378.9,204.3,129.0,216.2,216.1,147.4,268.5,88.6,168.0,157.8,126.6,189.9,95.4,114.5,199.4,145.8,265.4,347.8,366.0,343.0,142.6,236.5,143.1,299.2,357.7,246.1,138.6,197.5,151.0,333.5,360.1,261.6,167.0,181.2,333.9,182.8,169.4,206.2,209.8,356.6,155.6,136.5,373.8,201.7,394.0,118.7,354.0,349.1,179.2,0.0,430.1,181.2,211.1,109.9,356.2,143.8,355.8,423.2,334.0,87.5,213.0
ADRESSENOGD.fid-705841fe_17da459ca88_ce2,436.5,99.1,196.7,333.2,448.0,394.9,398.6,404.9,286.8,154.4,303.8,445.7,158.5,301.9,478.7,413.6,422.3,392.6,227.2,513.0,297.0,253.9,394.1,65.3,436.8,403.3,420.4,392.7,279.4,279.3,310.6,375.2,399.2,395.1,432.1,254.2,294.7,399.8,180.3,207.4,271.2,398.6,426.8,287.0,456.5,267.8,411.6,378.6,427.4,396.2,459.5,418.4,384.1,388.0,415.4,264.7,108.7,110.3,311.6,412.2,262.0,412.7,223.4,128.4,275.5,447.7,408.1,305.6,302.1,130.8,245.2,262.6,449.2,156.0,319.6,437.4,305.5,276.7,227.2,425.2,406.1,63.8,412.3,128.6,388.3,176.1,171.2,389.8,427.6,0.0,449.2,421.7,419.0,80.1,348.0,324.4,179.2,302.6,357.1,283.9
ADRESSENOGD.fid-705841fe_17da459ca88_ca1,99.2,283.9,335.2,231.8,8.1,133.2,142.0,135.0,320.4,235.1,347.8,70.2,277.1,345.9,212.3,143.7,152.4,124.9,359.8,246.6,329.8,327.4,102.4,436.1,166.9,145.6,154.0,239.3,149.2,149.1,292.8,266.3,128.4,145.0,162.2,190.2,328.3,129.0,261.0,382.1,315.2,142.0,156.9,156.8,239.5,271.7,220.0,108.7,179.6,138.5,193.1,226.8,136.3,140.1,149.0,268.6,288.5,306.7,346.2,164.4,177.2,164.9,302.4,298.4,186.8,230.7,138.2,287.8,336.7,300.8,264.8,290.9,0.0,274.6,309.2,64.4,332.6,320.7,359.8,177.4,114.4,314.5,97.5,334.7,140.5,294.7,289.8,119.9,236.0,370.8,0.0,151.8,202.0,296.9,267.7,359.0,384.5,337.2,109.3,153.7
ADRESSENOGD.fid-705841fe_17da459ca88_c35,208.3,307.6,425.7,435.4,309.0,142.0,330.5,185.2,515.8,258.8,532.8,306.7,300.8,530.9,446.3,169.4,0.6,358.9,456.2,480.6,526.0,482.9,336.4,459.8,192.6,379.6,388.0,442.9,172.9,172.8,496.4,469.9,316.9,142.2,106.8,213.9,523.7,317.5,284.7,436.4,500.2,330.5,5.1,180.5,443.1,496.8,423.6,182.6,385.5,372.5,427.1,430.4,342.2,135.1,383.0,493.7,312.2,330.4,540.6,370.3,200.9,370.8,452.4,322.1,210.5,434.3,188.4,491.4,531.1,324.5,474.2,491.6,310.2,298.3,512.8,298.4,534.5,505.7,456.2,383.3,348.4,338.2,209.1,358.4,346.4,318.4,313.5,193.8,439.6,394.5,310.2,0.0,405.6,320.6,471.3,553.4,408.2,531.6,343.3,177.4
ADRESSENOGD.fid-705841fe_17da459ca88_c99,184.1,322.5,315.5,130.8,157.4,171.8,119.8,173.6,233.4,273.7,276.3,155.1,315.7,274.4,192.6,182.3,191.0,106.5,340.1,226.9,242.8,307.7,115.3,474.7,205.5,124.5,134.3,109.7,187.8,187.7,205.8,179.3,108.6,183.6,200.8,228.8,241.3,109.2,299.6,362.4,243.7,119.8,195.5,195.4,37.5,252.0,133.0,147.3,148.6,117.4,173.4,139.8,105.3,178.7,129.3,248.9,327.1,345.3,326.5,133.4,215.8,133.9,282.7,337.0,225.4,28.7,176.8,200.8,317.0,339.4,245.1,203.9,158.6,313.2,222.2,146.8,245.6,249.2,340.1,146.4,127.3,353.1,181.0,373.3,109.5,333.3,328.4,158.5,149.0,409.4,158.6,190.4,0.0,335.5,180.7,339.3,406.7,317.5,78.3,192.3
ADRESSENOGD.fid-705841fe_17da459ca88_c76,432.5,95.1,192.7,329.2,444.0,390.9,394.6,400.9,282.8,74.3,299.8,441.7,78.4,297.9,474.7,409.6,418.3,388.6,223.2,509.0,293.0,249.9,390.1,175.5,432.8,399.3,416.4,388.7,275.4,275.3,306.6,371.2,395.2,391.1,428.1,250.2,290.7,395.8,100.2,203.4,267.2,394.6,422.8,283.0,452.5,263.8,407.6,374.6,423.4,392.2,455.5,414.4,380.1,384.0,411.4,260.7,28.6,30.2,307.6,408.2,258.0,408.7,219.4,48.3,271.5,443.7,404.1,301.6,298.1,50.7,241.2,258.6,445.2,75.9,315.6,433.4,301.5,272.7,223.2,421.2,402.1,53.9,408.3,48.5,384.3,96.0,91.1,385.8,423.6,110.2,445.2,417.7,415.0,0.0,344.0,320.4,175.2,298.6,353.1,279.9
ADRESSENOGD.fid-705841fe_17da459ca88_cd7,261.3,397.8,311.9,110.4,234.6,247.1,183.6,248.9,72.1,349.0,115.0,232.3,391.0,113.1,263.7,257.6,266.3,177.6,342.4,298.0,81.5,314.1,179.1,522.6,280.8,188.3,205.4,146.8,263.1,263.0,25.1,113.4,208.7,258.9,276.1,304.1,80.0,209.3,374.9,364.7,82.4,183.6,270.8,270.7,202.8,311.5,172.8,222.6,212.4,181.2,244.5,179.6,169.1,254.0,200.4,308.4,402.4,420.6,371.8,197.2,291.1,197.7,267.1,412.3,300.7,194.0,252.1,20.1,362.3,414.7,288.9,47.6,235.8,388.5,60.9,224.0,84.3,87.9,342.4,210.2,191.1,428.4,256.3,448.6,173.3,408.6,403.7,233.8,188.8,457.3,235.8,265.7,165.3,410.8,0.0,384.6,397.2,362.8,142.1,267.6
ADRESSENOGD.fid-705841fe_17da459ca88_ca3,359.2,410.9,174.1,216.1,332.5,345.0,281.5,346.8,169.7,368.1,186.7,330.2,372.2,184.8,361.6,355.5,364.2,275.5,198.7,395.9,179.9,166.3,277.0,390.7,378.7,286.2,303.3,275.6,361.0,360.9,193.5,258.1,306.6,356.8,374.0,402.0,177.6,307.2,394.0,221.0,154.1,281.5,368.7,368.6,339.4,110.6,294.5,320.5,310.3,279.1,342.4,301.3,267.0,351.9,298.3,107.5,322.4,332.6,185.1,295.1,389.0,295.6,141.3,342.1,398.6,330.6,350.0,188.5,175.6,344.5,103.7,145.5,333.7,369.7,202.5,321.9,188.4,159.6,198.7,308.1,289.0,369.7,354.2,360.6,271.2,389.8,384.9,331.7,310.5,325.4,333.7,363.6,301.9,315.8,230.9,0.0,265.3,176.1,240.0,365.5
ADRESSENOGD.fid-705841fe_17da459ca88_c65,439.5,188.6,159.9,296.4,412.8,425.3,361.8,427.1,250.0,242.3,267.0,410.5,246.4,265.1,441.9,435.8,444.5,355.8,190.4,476.2,260.2,173.7,357.3,154.8,459.0,366.5,383.6,355.9,368.9,368.8,273.8,338.4,386.9,437.1,454.3,343.7,257.9,387.5,268.2,121.4,234.4,361.8,449.0,376.5,419.7,231.0,374.8,400.8,390.6,359.4,422.7,381.6,347.3,432.2,378.6,227.9,196.6,199.8,231.4,375.4,351.5,375.9,186.6,216.3,365.0,410.9,430.3,268.8,221.9,218.7,208.4,225.8,414.0,243.9,282.8,402.2,268.7,239.9,190.4,388.4,369.3,153.3,434.5,218.1,351.5,264.0,259.1,412.0,390.8,89.5,414.0,443.9,382.2,169.6,311.2,244.2,0.0,222.4,320.3,373.4
ADRESSENOGD.fid-705841fe_17da459ca88_c23,381.0,285.4,110.5,237.9,354.3,366.8,303.3,368.6,191.5,242.6,208.5,352.0,246.7,206.6,383.4,377.3,386.0,297.3,135.1,417.7,201.7,92.7,298.8,314.9,400.5,308.0,325.1,297.4,382.8,382.7,215.3,279.9,328.4,378.6,395.8,423.8,199.4,329.0,268.5,124.7,175.9,303.3,390.5,390.4,361.2,132.4,316.3,342.3,332.1,300.9,364.2,323.1,288.8,373.7,320.1,129.3,196.9,207.1,54.7,316.9,410.8,317.4,163.1,216.6,420.4,352.4,371.8,210.3,45.2,219.0,125.5,167.3,355.5,244.2,224.3,343.7,210.2,181.4,135.1,329.9,310.8,244.2,376.0,235.1,293.0,264.3,259.4,353.5,332.3,249.6,355.5,385.4,323.7,190.3,252.7,21.8,189.5,0.0,261.8,387.3
ADRESSENOGD.fid-705841fe_17da459ca88_cc8,119.2,255.7,352.7,220.9,92.5,105.0,41.5,106.8,309.5,206.9,352.4,90.2,248.9,350.5,229.8,115.5,124.2,142.4,377.3,264.1,318.9,344.9,119.9,407.9,138.7,46.2,171.5,228.4,121.0,120.9,281.9,255.4,66.6,116.8,134.0,162.0,317.4,67.2,232.8,384.5,319.8,41.5,128.7,128.6,228.6,289.2,209.1,80.5,70.3,39.1,210.6,215.9,27.0,111.9,166.5,286.1,260.3,278.5,363.7,55.1,149.0,55.6,319.9,270.2,158.6,219.8,110.0,276.9,354.2,272.6,282.3,280.0,93.7,246.4,298.3,81.9,321.7,325.3,377.3,68.1,131.9,286.3,114.2,306.5,31.2,266.5,261.6,91.7,225.1,342.6,93.7,123.6,191.1,268.7,256.8,376.5,356.3,354.7,0.0,125.5
ADRESSENOGD.fid-705841fe_17da459ca88_cb0,177.3,204.3,322.4,404.4,278.0,111.0,299.5,154.2,412.5,81.4,429.5,275.7,123.4,427.6,415.3,138.4,171.6,327.9,352.9,449.6,422.7,379.6,305.4,337.3,161.6,348.6,357.0,411.9,94.8,94.7,436.3,438.9,285.9,111.2,155.3,93.3,420.4,286.5,107.3,333.1,396.9,299.5,176.1,3.1,412.1,393.5,392.6,151.6,354.5,341.5,396.1,399.4,311.2,104.1,352.0,390.4,134.8,153.0,437.3,339.3,101.1,339.8,349.1,144.7,33.1,403.3,157.4,431.3,427.8,147.1,370.9,388.3,279.2,120.9,445.3,267.4,431.2,402.4,352.9,352.3,317.4,215.7,178.1,181.0,315.4,141.0,136.1,162.8,408.6,272.0,279.2,171.0,374.6,161.8,440.3,450.1,304.9,428.3,312.3,0.0
